male_pop-1,female_pop-1,male_pop-2,female_pop-2,age_18_24-1,age_18_24-2,"Prior Day Cases Per 10,000 Residents",age_0_1-2,age_0_1-1,white_pop-1,up_county,age_25_49,age_65_74,age_0_1,age_65_74-1,asian_pi_pop,age_65_74-2,age_75_up-1,"Prior Day Cases Per 100,000 Residents",age_2_4,age_75_up-2,asian_pi_pop-1,asian_pi_pop-2,"Last 7 Days Cases Per 100,000 Residents",age_15_17,Last 7 Day Cases,white_pop-2,Last 14 Days Cases,"Last 7 Days Cases Per 10,000 Residents",black_pop-1,black_pop-2,female_pop,nonhisp_pop-2,nonhisp_pop-1,male_pop,ai_an_pop-1,ai_an_pop-2,age_10_14,hispanic_pop,age_75_up,age_0_17,ai_an_pop,County,hispanic_pop-2,age_15_17-2,age_15_17-1,age_5_9,hispanic_pop-1,age_50_64,age_25_49-2,age_25_49-1,age_5_9-2,age_18_24,age_5_9-1,white_pop,"Last 14 Days Cases Per 10,000 Residents","Last 14 Days Cases Per 100,000 Residents",Prior Day Cases,age_0_17-1,age_0_17-2,age_10_14-2,age_10_14-1,age_2_4-2,age_50_64-1,age_50_64-2,age_2_4-1,nonhisp_pop,black_pop
111563.0,122910.0,111563.0,122910.0,29390.0,29390.0,2.0,4386.0,4386.0,195508.0,NEW HANOVER COUNTY,74725.0,26066.0,4386.0,26066.0,4460.0,26066.0,17081.0,22.0,6724.0,17081.0,4460.0,4460.0,122.0,7412.0,287,195508.0,679,12.0,33034.0,33034.0,122910.0,220863.0,220863.0,111563.0,1471.0,1471.0,12399.0,13610.0,17081.0,42661.0,1471.0,New Hanover,13610.0,7412.0,7412.0,11740.0,13610.0,44550.0,74725.0,74725.0,11740.0,29390.0,11740.0,195508.0,29.0,290.0,51,42661.0,42661.0,12399.0,12399.0,6724.0,44550.0,44550.0,6724.0,220863.0,33034.0
34955.0,36828.0,34955.0,36828.0,5614.0,5614.0,1.0,1482.0,1482.0,67277.0,SURRY COUNTY,20806.0,8532.0,1482.0,8532.0,681.0,8532.0,6432.0,11.0,2322.0,6432.0,681.0,681.0,82.0,2747.0,59,67277.0,137,8.0,3330.0,3330.0,36828.0,63820.0,63820.0,34955.0,495.0,495.0,4478.0,7963.0,6432.0,14972.0,495.0,Surry,7963.0,2747.0,2747.0,3943.0,7963.0,15427.0,20806.0,20806.0,3943.0,5614.0,3943.0,67277.0,19.0,191.0,8,14972.0,14972.0,4478.0,4478.0,2322.0,15427.0,15427.0,2322.0,63820.0,3330.0
62923.0,67702.0,62923.0,67702.0,13200.0,13200.0,1.0,3318.0,3318.0,41004.0,ROBESON COUNTY,40072.0,12776.0,3318.0,12776.0,1172.0,12776.0,7789.0,14.0,5259.0,7789.0,1172.0,1172.0,107.0,5218.0,140,41004.0,326,11.0,31768.0,31768.0,67702.0,118577.0,118577.0,62923.0,56681.0,56681.0,9360.0,12048.0,7789.0,32200.0,56681.0,Robeson,12048.0,5218.0,5218.0,9045.0,12048.0,24588.0,40072.0,40072.0,9045.0,13200.0,9045.0,41004.0,25.0,250.0,18,32200.0,32200.0,9360.0,9360.0,5259.0,24588.0,24588.0,5259.0,118577.0,31768.0
19093.0,20397.0,19093.0,20397.0,2913.0,2913.0,3.0,841.0,841.0,27945.0,PERSON COUNTY,11585.0,4743.0,841.0,4743.0,211.0,4743.0,3195.0,28.0,1244.0,3195.0,211.0,211.0,167.0,1497.0,66,27945.0,127,17.0,10974.0,10974.0,20397.0,37705.0,37705.0,19093.0,360.0,360.0,2337.0,1785.0,3195.0,8129.0,360.0,Person,1785.0,1497.0,1497.0,2210.0,1785.0,8925.0,11585.0,11585.0,2210.0,2913.0,2210.0,27945.0,32.0,322.0,11,8129.0,8129.0,2337.0,2337.0,1244.0,8925.0,8925.0,1244.0,37705.0,10974.0
80533.0,88976.0,80533.0,88976.0,17888.0,17888.0,2.0,4006.0,4006.0,126697.0,ALAMANCE COUNTY,51738.0,16352.0,4006.0,16352.0,3416.0,16352.0,12683.0,24.0,5943.0,12683.0,3416.0,3416.0,140.0,6471.0,238,126697.0,511,14.0,36814.0,36814.0,88976.0,147379.0,147379.0,80533.0,2582.0,2582.0,10702.0,22130.0,12683.0,37364.0,2582.0,Alamance,22130.0,6471.0,6471.0,10242.0,22130.0,33484.0,51738.0,51738.0,10242.0,17888.0,10242.0,126697.0,30.0,301.0,40,37364.0,37364.0,10702.0,10702.0,5943.0,33484.0,33484.0,5943.0,147379.0,36814.0
38783.0,43018.0,38783.0,43018.0,7081.0,7081.0,1.0,1924.0,1924.0,46204.0,WILSON COUNTY,24315.0,9062.0,1924.0,9062.0,1221.0,9062.0,6275.0,15.0,2905.0,6275.0,1221.0,1221.0,163.0,3262.0,133,46204.0,298,16.0,33787.0,33787.0,43018.0,72982.0,72982.0,38783.0,589.0,589.0,5481.0,8819.0,6275.0,18577.0,589.0,Wilson,8819.0,3262.0,3262.0,5005.0,8819.0,16491.0,24315.0,24315.0,5005.0,7081.0,5005.0,46204.0,36.0,364.0,12,18577.0,18577.0,5481.0,5481.0,2905.0,16491.0,16491.0,2905.0,72982.0,33787.0
118155.0,121704.0,118155.0,121704.0,22138.0,22138.0,2.0,4957.0,4957.0,197444.0,UNION COUNTY,75448.0,19160.0,4957.0,19160.0,9443.0,19160.0,12074.0,23.0,8394.0,12074.0,9443.0,9443.0,134.0,12928.0,321,197444.0,695,13.0,31275.0,31275.0,121704.0,212344.0,212344.0,118155.0,1697.0,1697.0,20221.0,27515.0,12074.0,63243.0,1697.0,Union,27515.0,12928.0,12928.0,16743.0,27515.0,47796.0,75448.0,75448.0,16743.0,22138.0,16743.0,197444.0,29.0,290.0,55,63243.0,63243.0,20221.0,20221.0,8394.0,47796.0,47796.0,8394.0,212344.0,31275.0
42751.0,43360.0,42751.0,43360.0,6250.0,6250.0,5.0,1711.0,1711.0,79516.0,LINCOLN COUNTY,26543.0,9543.0,1711.0,9543.0,865.0,9543.0,5913.0,55.0,2737.0,5913.0,865.0,865.0,157.0,3376.0,135,79516.0,271,16.0,5290.0,5290.0,43360.0,79631.0,79631.0,42751.0,440.0,440.0,5371.0,6480.0,5913.0,18130.0,440.0,Lincoln,6480.0,3376.0,3376.0,4935.0,6480.0,19732.0,26543.0,26543.0,4935.0,6250.0,4935.0,79516.0,31.0,315.0,47,18130.0,18130.0,5371.0,5371.0,2737.0,19732.0,19732.0,2737.0,79631.0,5290.0
26737.0,29212.0,26737.0,29212.0,4445.0,4445.0,1.0,1246.0,1246.0,31354.0,LENOIR COUNTY,15782.0,6541.0,1246.0,6541.0,577.0,6541.0,4762.0,14.0,1902.0,4762.0,577.0,577.0,105.0,2183.0,59,31354.0,136,11.0,23620.0,23620.0,29212.0,51527.0,51527.0,26737.0,398.0,398.0,3772.0,4422.0,4762.0,12526.0,398.0,Lenoir,4422.0,2183.0,2183.0,3423.0,4422.0,11893.0,15782.0,15782.0,3423.0,4445.0,3423.0,31354.0,24.0,243.0,8,12526.0,12526.0,3772.0,3772.0,1902.0,11893.0,11893.0,1902.0,51527.0,23620.0
5459.0,5772.0,5459.0,5772.0,657.0,657.0,2.0,184.0,184.0,10892.0,CLAY COUNTY,2578.0,2143.0,184.0,2143.0,62.0,2143.0,1438.0,18.0,307.0,1438.0,62.0,62.0,53.0,358.0,6,10892.0,11,5.0,198.0,198.0,5772.0,10797.0,10797.0,5459.0,79.0,79.0,555.0,434.0,1438.0,1879.0,79.0,Clay,434.0,358.0,358.0,475.0,434.0,2536.0,2578.0,2578.0,475.0,657.0,475.0,10892.0,10.0,98.0,2,1879.0,1879.0,555.0,555.0,307.0,2536.0,2536.0,307.0,10797.0,198.0
22798.0,22958.0,22798.0,22958.0,3381.0,3381.0,0.0,881.0,881.0,42691.0,MCDOWELL COUNTY,13806.0,5591.0,881.0,5591.0,528.0,5591.0,3926.0,2.0,1401.0,3926.0,528.0,528.0,136.0,1619.0,62,42691.0,135,14.0,2142.0,2142.0,22958.0,42836.0,42836.0,22798.0,395.0,395.0,2786.0,2920.0,3926.0,9139.0,395.0,McDowell,2920.0,1619.0,1619.0,2452.0,2920.0,9913.0,13806.0,13806.0,2452.0,3381.0,2452.0,42691.0,30.0,295.0,1,9139.0,9139.0,2786.0,2786.0,1401.0,9913.0,9913.0,1401.0,42836.0,2142.0
81991.0,85618.0,81991.0,85618.0,12768.0,12768.0,1.0,3506.0,3506.0,145390.0,DAVIDSON COUNTY,50744.0,18239.0,3506.0,18239.0,3065.0,18239.0,12850.0,14.0,5694.0,12850.0,3065.0,3065.0,86.0,6596.0,144,145390.0,313,9.0,17715.0,17715.0,85618.0,155159.0,155159.0,81991.0,1439.0,1439.0,10836.0,12450.0,12850.0,36324.0,1439.0,Davidson,12450.0,6596.0,6596.0,9692.0,12450.0,36684.0,50744.0,50744.0,9692.0,12768.0,9692.0,145390.0,19.0,187.0,23,36324.0,36324.0,10836.0,10836.0,5694.0,36684.0,36684.0,5694.0,155159.0,17715.0
31355.0,31451.0,31355.0,31451.0,5084.0,5084.0,2.0,1404.0,1404.0,53519.0,STANLY COUNTY,19067.0,7022.0,1404.0,7022.0,1470.0,7022.0,5101.0,24.0,2224.0,5101.0,1470.0,1470.0,164.0,2342.0,103,53519.0,225,16.0,7516.0,7516.0,31451.0,60020.0,60020.0,31355.0,301.0,301.0,3914.0,2786.0,5101.0,13524.0,301.0,Stanly,2786.0,2342.0,2342.0,3640.0,2786.0,13008.0,19067.0,19067.0,3640.0,5084.0,3640.0,53519.0,36.0,358.0,15,13524.0,13524.0,3914.0,3914.0,2224.0,13008.0,13008.0,2224.0,60020.0,7516.0
30141.0,31638.0,30141.0,31638.0,5032.0,5032.0,1.0,1559.0,1559.0,46914.0,LEE COUNTY,19335.0,6091.0,1559.0,6091.0,1052.0,6091.0,4313.0,6.0,2327.0,4313.0,1052.0,1052.0,60.0,2437.0,37,46914.0,90,6.0,12917.0,12917.0,31638.0,49674.0,49674.0,30141.0,896.0,896.0,4252.0,12105.0,4313.0,14643.0,896.0,Lee,12105.0,2437.0,2437.0,4068.0,12105.0,12365.0,19335.0,19335.0,4068.0,5032.0,4068.0,46914.0,15.0,146.0,4,14643.0,14643.0,4252.0,4252.0,2327.0,12365.0,12365.0,2327.0,49674.0,12917.0
35617.0,38853.0,35617.0,38853.0,4656.0,4656.0,1.0,1375.0,1375.0,61972.0,CHATHAM COUNTY,20165.0,10562.0,1375.0,10562.0,1886.0,10562.0,8072.0,13.0,2198.0,8072.0,1886.0,1886.0,95.0,2731.0,71,61972.0,110,10.0,9711.0,9711.0,38853.0,65444.0,65444.0,35617.0,901.0,901.0,4557.0,9026.0,8072.0,14809.0,901.0,Chatham,9026.0,2731.0,2731.0,3948.0,9026.0,16206.0,20165.0,20165.0,3948.0,4656.0,3948.0,61972.0,15.0,148.0,10,14809.0,14809.0,4557.0,4557.0,2198.0,16206.0,16206.0,2198.0,65444.0,9711.0
10544.0,11896.0,10544.0,11896.0,1572.0,1572.0,0.0,496.0,496.0,12510.0,MARTIN COUNTY,5937.0,3173.0,496.0,3173.0,169.0,3173.0,2199.0,0.0,733.0,2199.0,169.0,169.0,49.0,763.0,11,12510.0,37,5.0,9631.0,9631.0,11896.0,21524.0,21524.0,10544.0,130.0,130.0,1314.0,916.0,2199.0,4523.0,130.0,Martin,916.0,763.0,763.0,1217.0,916.0,5036.0,5937.0,5937.0,1217.0,1572.0,1217.0,12510.0,16.0,165.0,0,4523.0,4523.0,1314.0,1314.0,733.0,5036.0,5036.0,733.0,21524.0,9631.0
2267.0,1749.0,2267.0,1749.0,298.0,298.0,0.0,76.0,76.0,2313.0,TYRRELL COUNTY,1365.0,432.0,76.0,432.0,82.0,432.0,378.0,0.0,113.0,378.0,82.0,82.0,0.0,111.0,0,2313.0,4,0.0,1583.0,1583.0,1749.0,3640.0,3640.0,2267.0,38.0,38.0,226.0,376.0,378.0,728.0,38.0,Tyrrell,376.0,111.0,111.0,202.0,376.0,815.0,1365.0,1365.0,202.0,298.0,202.0,2313.0,10.0,100.0,0,728.0,728.0,226.0,226.0,113.0,815.0,815.0,113.0,3640.0,1583.0
11540.0,9529.0,11540.0,9529.0,1782.0,1782.0,-1.0,440.0,440.0,12511.0,GREENE COUNTY,7248.0,2219.0,440.0,2219.0,184.0,2219.0,1373.0,-9.0,607.0,1373.0,184.0,184.0,43.0,707.0,9,12511.0,22,4.0,7891.0,7891.0,9529.0,17761.0,17761.0,11540.0,483.0,483.0,1291.0,3308.0,1373.0,4185.0,483.0,Greene,3308.0,707.0,707.0,1140.0,3308.0,4262.0,7248.0,7248.0,1140.0,1782.0,1140.0,12511.0,10.0,104.0,-2,4185.0,4185.0,1291.0,1291.0,607.0,4262.0,4262.0,607.0,17761.0,7891.0
166439.0,169070.0,166439.0,169070.0,44179.0,44179.0,1.0,10538.0,10538.0,177124.0,CUMBERLAND COUNTY,114650.0,24275.0,10538.0,24275.0,12184.0,24275.0,16662.0,10.0,14719.0,16662.0,12184.0,12184.0,113.0,12391.0,380,177124.0,801,11.0,139075.0,139075.0,169070.0,294937.0,294937.0,166439.0,7126.0,7126.0,21712.0,40572.0,16662.0,82854.0,7126.0,Cumberland,40572.0,12391.0,12391.0,23494.0,40572.0,52889.0,114650.0,114650.0,23494.0,44179.0,23494.0,177124.0,24.0,239.0,32,82854.0,82854.0,21712.0,21712.0,14719.0,52889.0,52889.0,14719.0,294937.0,139075.0
5468.0,6112.0,5468.0,6112.0,852.0,852.0,2.0,243.0,243.0,5598.0,WASHINGTON COUNTY,2875.0,1698.0,243.0,1698.0,52.0,1698.0,1234.0,17.0,352.0,1234.0,52.0,52.0,69.0,400.0,8,5598.0,24,7.0,5816.0,5816.0,6112.0,10927.0,10927.0,5468.0,114.0,114.0,675.0,653.0,1234.0,2306.0,114.0,Washington,653.0,400.0,400.0,636.0,653.0,2615.0,2875.0,2875.0,636.0,852.0,636.0,5598.0,21.0,207.0,2,2306.0,2306.0,675.0,675.0,352.0,2615.0,2615.0,352.0,10927.0,5816.0
5426.0,5441.0,5426.0,5441.0,725.0,725.0,1.0,208.0,208.0,9161.0,CAMDEN COUNTY,3468.0,1055.0,208.0,1055.0,256.0,1055.0,778.0,9.0,332.0,778.0,256.0,256.0,101.0,452.0,11,9161.0,27,10.0,1385.0,1385.0,5441.0,10540.0,10540.0,5426.0,65.0,65.0,781.0,327.0,778.0,2460.0,65.0,Camden,327.0,452.0,452.0,687.0,327.0,2381.0,3468.0,3468.0,687.0,725.0,687.0,9161.0,25.0,248.0,1,2460.0,2460.0,781.0,781.0,332.0,2381.0,2381.0,332.0,10540.0,1385.0
7392.0,7572.0,7392.0,7572.0,944.0,944.0,1.0,283.0,283.0,14504.0,MITCHELL COUNTY,4164.0,2145.0,283.0,2145.0,134.0,2145.0,1665.0,7.0,439.0,1665.0,134.0,134.0,167.0,493.0,25,14504.0,31,17.0,181.0,181.0,7572.0,14041.0,14041.0,7392.0,145.0,145.0,800.0,923.0,1665.0,2735.0,145.0,Mitchell,923.0,493.0,493.0,720.0,923.0,3311.0,4164.0,4164.0,720.0,944.0,720.0,14504.0,21.0,207.0,1,2735.0,2735.0,800.0,800.0,439.0,3311.0,3311.0,439.0,14041.0,181.0
540765.0,570996.0,540765.0,570996.0,100823.0,100823.0,2.0,25883.0,25883.0,768917.0,WAKE COUNTY,411746.0,83002.0,25883.0,83002.0,89941.0,83002.0,50862.0,20.0,41353.0,50862.0,89941.0,89941.0,113.0,46082.0,1255,768917.0,2617,11.0,243367.0,243367.0,570996.0,996230.0,996230.0,540765.0,9536.0,9536.0,77083.0,115531.0,50862.0,262706.0,9536.0,Wake,115531.0,46082.0,46082.0,72305.0,115531.0,202622.0,411746.0,411746.0,72305.0,100823.0,72305.0,768917.0,24.0,235.0,217,262706.0,262706.0,77083.0,77083.0,41353.0,202622.0,202622.0,41353.0,996230.0,243367.0
31245.0,32286.0,31245.0,32286.0,5262.0,5262.0,2.0,1652.0,1652.0,42923.0,SAMPSON COUNTY,18665.0,6729.0,1652.0,6729.0,639.0,6729.0,4908.0,17.0,2490.0,4908.0,639.0,639.0,181.0,2730.0,115,42923.0,360,18.0,17429.0,17429.0,32286.0,50474.0,50474.0,31245.0,2540.0,2540.0,4385.0,13057.0,4908.0,15450.0,2540.0,Sampson,13057.0,2730.0,2730.0,4193.0,13057.0,12517.0,18665.0,18665.0,4193.0,5262.0,4193.0,42923.0,57.0,567.0,11,15450.0,15450.0,4385.0,4385.0,2490.0,12517.0,12517.0,2490.0,50474.0,17429.0
6632.0,7311.0,6632.0,7311.0,960.0,960.0,1.0,280.0,280.0,8818.0,CHOWAN COUNTY,3642.0,2019.0,280.0,2019.0,155.0,2019.0,1502.0,14.0,420.0,1502.0,155.0,155.0,50.0,504.0,7,8818.0,30,5.0,4904.0,4904.0,7311.0,13421.0,13421.0,6632.0,66.0,66.0,832.0,522.0,1502.0,2779.0,66.0,Chowan,522.0,504.0,504.0,743.0,522.0,3041.0,3642.0,3642.0,743.0,960.0,743.0,8818.0,22.0,215.0,2,2779.0,2779.0,832.0,832.0,420.0,3041.0,3041.0,420.0,13421.0,4904.0
47093.0,50854.0,47093.0,50854.0,8645.0,8645.0,3.0,2234.0,2234.0,75205.0,CLEVELAND COUNTY,28635.0,11078.0,2234.0,11078.0,1155.0,11078.0,7497.0,33.0,3348.0,7497.0,1155.0,1155.0,156.0,3728.0,153,75205.0,326,16.0,21187.0,21187.0,50854.0,94257.0,94257.0,47093.0,400.0,400.0,6343.0,3690.0,7497.0,21443.0,400.0,Cleveland,3690.0,3728.0,3728.0,5790.0,3690.0,20649.0,28635.0,28635.0,5790.0,8645.0,5790.0,75205.0,33.0,333.0,32,21443.0,21443.0,6343.0,6343.0,3348.0,20649.0,20649.0,3348.0,94257.0,21187.0
22322.0,24672.0,22322.0,24672.0,3257.0,3257.0,2.0,904.0,904.0,34185.0,BEAUFORT COUNTY,12689.0,6902.0,904.0,6902.0,318.0,6902.0,4636.0,17.0,1355.0,4636.0,318.0,318.0,106.0,1766.0,50,34185.0,105,11.0,11994.0,11994.0,24672.0,43225.0,43225.0,22322.0,497.0,497.0,2749.0,3769.0,4636.0,9325.0,497.0,Beaufort,3769.0,1766.0,1766.0,2551.0,3769.0,10185.0,12689.0,12689.0,2551.0,3257.0,2551.0,34185.0,22.0,223.0,8,9325.0,9325.0,2749.0,2749.0,1355.0,10185.0,10185.0,1355.0,43225.0,11994.0
20780.0,23755.0,20780.0,23755.0,3771.0,3771.0,3.0,1125.0,1125.0,20309.0,VANCE COUNTY,12839.0,4992.0,1125.0,4992.0,394.0,4992.0,3495.0,34.0,1630.0,3495.0,394.0,394.0,168.0,1775.0,75,20309.0,209,17.0,23356.0,23356.0,23755.0,40860.0,40860.0,20780.0,476.0,476.0,3006.0,3675.0,3495.0,10443.0,476.0,Vance,3675.0,1775.0,1775.0,2907.0,3675.0,8995.0,12839.0,12839.0,2907.0,3771.0,2907.0,20309.0,47.0,469.0,15,10443.0,10443.0,3006.0,3006.0,1630.0,8995.0,8995.0,1630.0,40860.0,23356.0
20922.0,21924.0,20922.0,21924.0,3136.0,3136.0,2.0,784.0,784.0,39074.0,DAVIE COUNTY,11973.0,5229.0,784.0,5229.0,421.0,5229.0,4050.0,16.0,1302.0,4050.0,421.0,421.0,145.0,1717.0,62,39074.0,100,14.0,3047.0,3047.0,21924.0,39739.0,39739.0,20922.0,304.0,304.0,2694.0,3107.0,4050.0,8945.0,304.0,Davie,3107.0,1717.0,1717.0,2448.0,3107.0,9513.0,11973.0,11973.0,2448.0,3136.0,2448.0,39074.0,23.0,233.0,7,8945.0,8945.0,2694.0,2694.0,1302.0,9513.0,9513.0,1302.0,39739.0,3047.0
31400.0,31660.0,31400.0,31660.0,4295.0,4295.0,2.0,1342.0,1342.0,52106.0,PENDER COUNTY,19378.0,7251.0,1342.0,7251.0,561.0,7251.0,4465.0,21.0,2236.0,4465.0,561.0,561.0,151.0,2446.0,95,52106.0,213,15.0,9744.0,9744.0,31660.0,58318.0,58318.0,31400.0,649.0,649.0,4104.0,4742.0,4465.0,14002.0,649.0,Pender,4742.0,2446.0,2446.0,3874.0,4742.0,13669.0,19378.0,19378.0,3874.0,4295.0,3874.0,52106.0,34.0,338.0,13,14002.0,14002.0,4104.0,4104.0,2236.0,13669.0,13669.0,2236.0,58318.0,9744.0
27992.0,28185.0,27992.0,28185.0,15618.0,15618.0,2.0,777.0,777.0,53924.0,WATAUGA COUNTY,14517.0,5645.0,777.0,5645.0,736.0,5645.0,3584.0,20.0,1092.0,3584.0,736.0,736.0,157.0,1210.0,88,53924.0,175,16.0,1259.0,1259.0,28185.0,53916.0,53916.0,27992.0,258.0,258.0,2157.0,2261.0,3584.0,7155.0,258.0,Watauga,2261.0,1210.0,1210.0,1919.0,2261.0,9658.0,14517.0,14517.0,1919.0,15618.0,1919.0,53924.0,31.0,312.0,11,7155.0,7155.0,2157.0,2157.0,1092.0,9658.0,9658.0,1092.0,53916.0,1259.0
4220.0,4221.0,4220.0,4221.0,600.0,600.0,0.0,155.0,155.0,7577.0,GRAHAM COUNTY,2307.0,1100.0,155.0,1100.0,61.0,1100.0,967.0,0.0,246.0,967.0,61.0,61.0,24.0,322.0,2,7577.0,11,2.0,91.0,91.0,4221.0,8125.0,8125.0,4220.0,712.0,712.0,510.0,316.0,967.0,1674.0,712.0,Graham,316.0,322.0,322.0,441.0,316.0,1793.0,2307.0,2307.0,441.0,600.0,441.0,7577.0,13.0,130.0,0,1674.0,1674.0,510.0,510.0,246.0,1793.0,1793.0,246.0,8125.0,91.0
13297.0,13876.0,13297.0,13876.0,2247.0,2247.0,3.0,537.0,537.0,20997.0,MONTGOMERY COUNTY,7555.0,3439.0,537.0,3439.0,480.0,3439.0,2304.0,29.0,879.0,2304.0,480.0,480.0,140.0,1157.0,38,20997.0,82,14.0,5372.0,5372.0,13876.0,22942.0,22942.0,13297.0,324.0,324.0,1756.0,4231.0,2304.0,5907.0,324.0,Montgomery,4231.0,1157.0,1157.0,1578.0,4231.0,5721.0,7555.0,7555.0,1578.0,2247.0,1578.0,20997.0,30.0,302.0,8,5907.0,5907.0,1756.0,1756.0,879.0,5721.0,5721.0,879.0,22942.0,5372.0
40644.0,41534.0,40644.0,41534.0,6212.0,6212.0,2.0,1589.0,1589.0,76155.0,CALDWELL COUNTY,24489.0,9939.0,1589.0,9939.0,780.0,9939.0,6830.0,19.0,2574.0,6830.0,780.0,780.0,92.0,2998.0,76,76155.0,174,9.0,4703.0,4703.0,41534.0,77324.0,77324.0,40644.0,540.0,540.0,4841.0,4854.0,6830.0,16336.0,540.0,Caldwell,4854.0,2998.0,2998.0,4334.0,4854.0,18372.0,24489.0,24489.0,4334.0,6212.0,4334.0,76155.0,21.0,212.0,16,16336.0,16336.0,4841.0,4841.0,2574.0,18372.0,18372.0,2574.0,77324.0,4703.0
68165.0,74655.0,68165.0,74655.0,7531.0,7531.0,2.0,2024.0,2024.0,125024.0,BRUNSWICK COUNTY,33466.0,31305.0,2024.0,31305.0,1400.0,31305.0,15300.0,18.0,3318.0,15300.0,1400.0,1400.0,111.0,3567.0,159,125024.0,291,11.0,15081.0,15081.0,74655.0,135778.0,135778.0,68165.0,1315.0,1315.0,6271.0,7042.0,15300.0,21025.0,1315.0,Brunswick,7042.0,3567.0,3567.0,5845.0,7042.0,34193.0,33466.0,33466.0,5845.0,7531.0,5845.0,125024.0,20.0,204.0,25,21025.0,21025.0,6271.0,6271.0,3318.0,34193.0,34193.0,3318.0,135778.0,15081.0
28691.0,30050.0,28691.0,30050.0,4746.0,4746.0,3.0,1381.0,1381.0,41832.0,DUPLIN COUNTY,17043.0,6589.0,1381.0,6589.0,716.0,6589.0,4816.0,31.0,2234.0,4816.0,716.0,716.0,106.0,2382.0,62,41832.0,160,11.0,15339.0,15339.0,30050.0,45224.0,45224.0,28691.0,854.0,854.0,4117.0,13517.0,4816.0,13981.0,854.0,Duplin,13517.0,2382.0,2382.0,3867.0,13517.0,11566.0,17043.0,17043.0,3867.0,4746.0,3867.0,41832.0,27.0,272.0,18,13981.0,13981.0,4117.0,4117.0,2234.0,11566.0,11566.0,2234.0,45224.0,15339.0
2638.0,2299.0,2638.0,2299.0,329.0,329.0,0.0,66.0,66.0,3509.0,HYDE COUNTY,1551.0,671.0,66.0,671.0,34.0,671.0,443.0,0.0,118.0,443.0,34.0,34.0,20.0,147.0,1,3509.0,6,2.0,1353.0,1353.0,2299.0,4452.0,4452.0,2638.0,41.0,41.0,263.0,485.0,443.0,839.0,41.0,Hyde,485.0,147.0,147.0,245.0,485.0,1104.0,1551.0,1551.0,245.0,329.0,245.0,3509.0,12.0,122.0,0,839.0,839.0,263.0,263.0,118.0,1104.0,1104.0,118.0,4452.0,1353.0
6479.0,6247.0,6479.0,6247.0,733.0,733.0,1.0,166.0,166.0,9999.0,PAMLICO COUNTY,3183.0,2266.0,166.0,2266.0,105.0,2266.0,1600.0,8.0,299.0,1600.0,105.0,105.0,86.0,371.0,11,9999.0,38,9.0,2520.0,2520.0,6247.0,12184.0,12184.0,6479.0,102.0,102.0,593.0,542.0,1600.0,1921.0,102.0,Pamlico,542.0,371.0,371.0,492.0,542.0,3023.0,3183.0,3183.0,492.0,733.0,492.0,9999.0,30.0,299.0,1,1921.0,1921.0,593.0,593.0,299.0,3023.0,3023.0,299.0,12184.0,2520.0
125220.0,135971.0,125220.0,135971.0,19924.0,19924.0,0.0,4909.0,4909.0,237081.0,BUNCOMBE COUNTY,88430.0,31788.0,4909.0,31788.0,4567.0,31788.0,21706.0,1.0,7732.0,21706.0,4567.0,4567.0,61.0,8271.0,160,237081.0,498,6.0,17986.0,17986.0,135971.0,243321.0,243321.0,125220.0,1557.0,1557.0,13446.0,17870.0,21706.0,47414.0,1557.0,Buncombe,17870.0,8271.0,8271.0,13056.0,17870.0,51929.0,88430.0,88430.0,13056.0,19924.0,13056.0,237081.0,19.0,191.0,3,47414.0,47414.0,13446.0,13446.0,7732.0,51929.0,51929.0,7732.0,243321.0,17986.0
11487.0,11117.0,11487.0,11117.0,1564.0,1564.0,2.0,413.0,413.0,14766.0,CASWELL COUNTY,6690.0,2967.0,413.0,2967.0,153.0,2967.0,2038.0,22.0,695.0,2038.0,153.0,153.0,111.0,799.0,25,14766.0,70,11.0,7507.0,7507.0,11117.0,21569.0,21569.0,11487.0,178.0,178.0,1224.0,1035.0,2038.0,4221.0,178.0,Caswell,1035.0,799.0,799.0,1090.0,1035.0,5124.0,6690.0,6690.0,1090.0,1564.0,1090.0,14766.0,31.0,310.0,5,4221.0,4221.0,1224.0,1224.0,695.0,5124.0,5124.0,695.0,21569.0,7507.0
13331.0,13872.0,13331.0,13872.0,1718.0,1718.0,2.0,407.0,407.0,26560.0,ASHE COUNTY,7315.0,4248.0,407.0,4248.0,164.0,4248.0,3001.0,22.0,667.0,3001.0,164.0,164.0,66.0,854.0,18,26560.0,46,7.0,363.0,363.0,13872.0,25813.0,25813.0,13331.0,116.0,116.0,1489.0,1390.0,3001.0,4724.0,116.0,Ashe,1390.0,854.0,854.0,1307.0,1390.0,6197.0,7315.0,7315.0,1307.0,1718.0,1307.0,26560.0,17.0,169.0,6,4724.0,4724.0,1489.0,1489.0,667.0,6197.0,6197.0,667.0,25813.0,363.0
533670.0,576686.0,533670.0,576686.0,99851.0,99851.0,2.0,29481.0,29481.0,649604.0,MECKLENBURG COUNTY,430671.0,78390.0,29481.0,78390.0,74255.0,78390.0,49296.0,20.0,43826.0,49296.0,74255.0,74255.0,99.0,42200.0,1102,649604.0,2617,10.0,376441.0,376441.0,576686.0,957431.0,957431.0,533670.0,10056.0,10056.0,72493.0,152925.0,49296.0,258277.0,10056.0,Mecklenburg,152925.0,42200.0,42200.0,70277.0,152925.0,193871.0,430671.0,430671.0,70277.0,99851.0,70277.0,649604.0,24.0,236.0,217,258277.0,258277.0,72493.0,72493.0,43826.0,193871.0,193871.0,43826.0,957431.0,376441.0
4574.0,4845.0,4574.0,4845.0,617.0,617.0,3.0,182.0,182.0,6404.0,JONES COUNTY,2581.0,1348.0,182.0,1348.0,57.0,1348.0,909.0,32.0,281.0,909.0,57.0,57.0,191.0,308.0,18,6404.0,41,19.0,2854.0,2854.0,4845.0,8935.0,8935.0,4574.0,104.0,104.0,491.0,484.0,909.0,1715.0,104.0,Jones,484.0,308.0,308.0,453.0,484.0,2249.0,2581.0,2581.0,453.0,617.0,453.0,6404.0,44.0,435.0,3,1715.0,1715.0,491.0,491.0,281.0,2249.0,2249.0,281.0,8935.0,2854.0
9537.0,9946.0,9537.0,9946.0,1280.0,1280.0,3.0,356.0,356.0,7962.0,NORTHAMPTON COUNTY,5056.0,2970.0,356.0,2970.0,66.0,2970.0,2286.0,31.0,557.0,2286.0,66.0,66.0,133.0,581.0,26,7962.0,72,13.0,11314.0,11314.0,9946.0,18970.0,18970.0,9537.0,141.0,141.0,1024.0,513.0,2286.0,3351.0,141.0,Northampton,513.0,581.0,581.0,833.0,513.0,4540.0,5056.0,5056.0,833.0,1280.0,833.0,7962.0,37.0,370.0,6,3351.0,3351.0,1024.0,1024.0,557.0,4540.0,4540.0,557.0,18970.0,11314.0
16563.0,17822.0,16563.0,17822.0,2557.0,2557.0,5.0,533.0,533.0,32519.0,TRANSYLVANIA COUNTY,8467.0,5808.0,533.0,5808.0,275.0,5808.0,5001.0,47.0,837.0,5001.0,275.0,275.0,113.0,933.0,39,32519.0,82,11.0,1431.0,1431.0,17822.0,33217.0,33217.0,16563.0,160.0,160.0,1546.0,1168.0,5001.0,5286.0,160.0,Transylvania,1168.0,933.0,933.0,1437.0,1168.0,7266.0,8467.0,8467.0,1437.0,2557.0,1437.0,32519.0,24.0,238.0,16,5286.0,5286.0,1546.0,1546.0,837.0,7266.0,7266.0,837.0,33217.0,1431.0
9923.0,10801.0,9923.0,10801.0,1269.0,1269.0,1.0,314.0,314.0,19413.0,POLK COUNTY,4737.0,3492.0,314.0,3492.0,188.0,3492.0,3152.0,14.0,470.0,3152.0,188.0,188.0,39.0,662.0,8,19413.0,16,4.0,994.0,994.0,10801.0,19501.0,19501.0,9923.0,129.0,129.0,990.0,1223.0,3152.0,3246.0,129.0,Polk,1223.0,662.0,662.0,810.0,1223.0,4828.0,4737.0,4737.0,810.0,1269.0,810.0,19413.0,8.0,77.0,3,3246.0,3246.0,990.0,990.0,470.0,4828.0,4828.0,470.0,19501.0,994.0
102577.0,106762.0,102577.0,106762.0,16384.0,16384.0,3.0,4927.0,4927.0,167584.0,JOHNSTON COUNTY,70950.0,18169.0,4927.0,18169.0,2527.0,18169.0,10389.0,33.0,8129.0,10389.0,2527.0,2527.0,178.0,9361.0,373,167584.0,742,18.0,37064.0,37064.0,106762.0,179864.0,179864.0,102577.0,2164.0,2164.0,15870.0,29475.0,10389.0,52754.0,2164.0,Johnston,29475.0,9361.0,9361.0,14467.0,29475.0,40693.0,70950.0,70950.0,14467.0,16384.0,14467.0,167584.0,35.0,354.0,69,52754.0,52754.0,15870.0,15870.0,8129.0,40693.0,40693.0,8129.0,179864.0,37064.0
77988.0,81563.0,77988.0,81563.0,13426.0,13426.0,2.0,3400.0,3400.0,135659.0,CATAWBA COUNTY,48523.0,17303.0,3400.0,17303.0,7592.0,17303.0,11853.0,23.0,5515.0,11853.0,7592.0,7592.0,126.0,6277.0,201,135659.0,398,13.0,15306.0,15306.0,81563.0,143376.0,143376.0,77988.0,994.0,994.0,10278.0,16175.0,11853.0,34920.0,994.0,Catawba,16175.0,6277.0,6277.0,9450.0,16175.0,33526.0,48523.0,48523.0,9450.0,13426.0,9450.0,135659.0,25.0,249.0,36,34920.0,34920.0,10278.0,10278.0,5515.0,33526.0,33526.0,5515.0,143376.0,15306.0
5725.0,5837.0,5725.0,5837.0,797.0,797.0,1.0,209.0,209.0,7666.0,GATES COUNTY,3151.0,1390.0,209.0,1390.0,60.0,1390.0,1028.0,9.0,326.0,1028.0,60.0,60.0,86.0,414.0,10,7666.0,14,9.0,3758.0,3758.0,5837.0,11286.0,11286.0,5725.0,78.0,78.0,769.0,276.0,1028.0,2332.0,78.0,Gates,276.0,414.0,414.0,614.0,276.0,2864.0,3151.0,3151.0,614.0,797.0,614.0,7666.0,12.0,121.0,1,2332.0,2332.0,769.0,769.0,326.0,2864.0,2864.0,326.0,11286.0,3758.0
9513.0,8044.0,9513.0,8044.0,1647.0,1647.0,3.0,268.0,268.0,16439.0,AVERY COUNTY,5620.0,2360.0,268.0,2360.0,129.0,2360.0,1660.0,34.0,384.0,1660.0,129.0,129.0,239.0,514.0,42,16439.0,79,24.0,883.0,883.0,8044.0,16670.0,16670.0,9513.0,106.0,106.0,741.0,887.0,1660.0,2588.0,106.0,Avery,887.0,514.0,514.0,681.0,887.0,3682.0,5620.0,5620.0,681.0,1647.0,681.0,16439.0,45.0,450.0,6,2588.0,2588.0,741.0,741.0,384.0,3682.0,3682.0,384.0,16670.0,883.0
12532.0,11914.0,12532.0,11914.0,1989.0,1989.0,5.0,504.0,504.0,11754.0,ANSON COUNTY,7892.0,2782.0,504.0,2782.0,381.0,2782.0,1948.0,49.0,799.0,1948.0,381.0,381.0,233.0,855.0,57,11754.0,103,23.0,12072.0,12072.0,11914.0,23440.0,23440.0,12532.0,239.0,239.0,1395.0,1006.0,1948.0,4838.0,239.0,Anson,1006.0,855.0,855.0,1285.0,1006.0,4997.0,7892.0,7892.0,1285.0,1989.0,1285.0,11754.0,42.0,421.0,12,4838.0,4838.0,1395.0,1395.0,799.0,4997.0,4997.0,799.0,23440.0,12072.0
27548.0,27960.0,27548.0,27960.0,4617.0,4617.0,1.0,1146.0,1146.0,35496.0,COLUMBUS COUNTY,16793.0,6607.0,1146.0,6607.0,384.0,6607.0,4812.0,7.0,1759.0,4812.0,384.0,384.0,104.0,2144.0,58,35496.0,184,10.0,17380.0,17380.0,27960.0,52414.0,52414.0,27548.0,2248.0,2248.0,3381.0,3094.0,4812.0,11495.0,2248.0,Columbus,3094.0,2144.0,2144.0,3065.0,3094.0,11184.0,16793.0,16793.0,3065.0,4617.0,3065.0,35496.0,33.0,331.0,4,11495.0,11495.0,3381.0,3381.0,1759.0,11184.0,11184.0,1759.0,52414.0,17380.0
30101.0,32216.0,30101.0,32216.0,3892.0,3892.0,1.0,1192.0,1192.0,60364.0,HAYWOOD COUNTY,17840.0,8909.0,1192.0,8909.0,437.0,8909.0,6663.0,13.0,1859.0,6663.0,437.0,437.0,75.0,2033.0,47,60364.0,99,8.0,1035.0,1035.0,32216.0,59645.0,59645.0,30101.0,481.0,481.0,3189.0,2672.0,6663.0,11349.0,481.0,Haywood,2672.0,2033.0,2033.0,3076.0,2672.0,13664.0,17840.0,17840.0,3076.0,3892.0,3076.0,60364.0,16.0,159.0,8,11349.0,11349.0,3189.0,3189.0,1859.0,13664.0,13664.0,1859.0,59645.0,1035.0
70859.0,77617.0,70859.0,77617.0,27371.0,27371.0,-1.0,2425.0,2425.0,116411.0,ORANGE COUNTY,44131.0,13751.0,2425.0,13751.0,12639.0,13751.0,7903.0,-11.0,4041.0,7903.0,12639.0,12639.0,-3.0,5436.0,-5,116411.0,143,0.0,18434.0,18434.0,77617.0,135660.0,135660.0,70859.0,992.0,992.0,8801.0,12816.0,7903.0,28551.0,992.0,Orange,12816.0,5436.0,5436.0,7848.0,12816.0,26769.0,44131.0,44131.0,7848.0,27371.0,7848.0,116411.0,10.0,96.0,-16,28551.0,28551.0,8801.0,8801.0,4041.0,26769.0,26769.0,4041.0,135660.0,18434.0
105581.0,110872.0,105581.0,110872.0,17428.0,17428.0,2.0,5259.0,5259.0,159694.0,CABARRUS COUNTY,74555.0,17390.0,5259.0,17390.0,10978.0,17390.0,11674.0,19.0,8587.0,11674.0,10978.0,10978.0,116.0,9793.0,252,159694.0,544,12.0,44033.0,44033.0,110872.0,192419.0,192419.0,105581.0,1748.0,1748.0,16286.0,24034.0,11674.0,54991.0,1748.0,Cabarrus,24034.0,9793.0,9793.0,15066.0,24034.0,40415.0,74555.0,74555.0,15066.0,17428.0,15066.0,159694.0,25.0,251.0,42,54991.0,54991.0,16286.0,16286.0,8587.0,40415.0,40415.0,8587.0,192419.0,44033.0
21970.0,22859.0,21970.0,22859.0,3899.0,3899.0,1.0,1111.0,1111.0,27987.0,RICHMOND COUNTY,13599.0,4875.0,1111.0,4875.0,561.0,4875.0,3308.0,9.0,1643.0,3308.0,561.0,561.0,87.0,1753.0,39,27987.0,106,9.0,14697.0,14697.0,22859.0,41777.0,41777.0,21970.0,1584.0,1584.0,2956.0,3052.0,3308.0,10313.0,1584.0,Richmond,3052.0,1753.0,1753.0,2850.0,3052.0,8835.0,13599.0,13599.0,2850.0,3899.0,2850.0,27987.0,24.0,236.0,4,10313.0,10313.0,2956.0,2956.0,1643.0,8835.0,8835.0,1643.0,41777.0,14697.0
48765.0,52115.0,48765.0,52115.0,6252.0,6252.0,2.0,2309.0,2309.0,85016.0,MOORE COUNTY,29581.0,12793.0,2309.0,12793.0,1897.0,12793.0,11399.0,23.0,3634.0,11399.0,1897.0,1897.0,108.0,3511.0,109,85016.0,247,11.0,12812.0,12812.0,52115.0,93724.0,93724.0,48765.0,1155.0,1155.0,6090.0,7156.0,11399.0,21552.0,1155.0,Moore,7156.0,3511.0,3511.0,6008.0,7156.0,19303.0,29581.0,29581.0,6008.0,6252.0,6008.0,85016.0,24.0,245.0,23,21552.0,21552.0,6090.0,6090.0,3634.0,19303.0,19303.0,3634.0,93724.0,12812.0
67259.0,68717.0,67259.0,68717.0,11896.0,11896.0,3.0,3747.0,3747.0,99203.0,HARNETT COUNTY,48422.0,10693.0,3747.0,10693.0,2400.0,10693.0,6765.0,34.0,6143.0,6765.0,2400.0,2400.0,157.0,5218.0,213,99203.0,442,16.0,31681.0,31681.0,68717.0,117798.0,117798.0,67259.0,2692.0,2692.0,9857.0,18178.0,6765.0,34986.0,2692.0,Harnett,18178.0,5218.0,5218.0,10021.0,18178.0,23214.0,48422.0,48422.0,10021.0,11896.0,10021.0,99203.0,33.0,325.0,46,34986.0,34986.0,9857.0,9857.0,6143.0,23214.0,23214.0,6143.0,117798.0,31681.0
21617.0,22321.0,21617.0,22321.0,8157.0,8157.0,1.0,712.0,712.0,37943.0,JACKSON COUNTY,11852.0,5301.0,712.0,5301.0,530.0,5301.0,3458.0,7.0,1225.0,3458.0,530.0,530.0,71.0,1217.0,31,37943.0,90,7.0,1225.0,1225.0,22321.0,41192.0,41192.0,21617.0,4240.0,4240.0,2010.0,2746.0,3458.0,7217.0,4240.0,Jackson,2746.0,1217.0,1217.0,2053.0,2746.0,7953.0,11852.0,11852.0,2053.0,8157.0,2053.0,37943.0,20.0,205.0,3,7217.0,7217.0,2010.0,2010.0,1225.0,7953.0,7953.0,1225.0,41192.0,1225.0
254212.0,282962.0,254212.0,282962.0,58700.0,58700.0,2.0,12225.0,12225.0,306101.0,GUILFORD COUNTY,174473.0,49068.0,12225.0,49068.0,29971.0,49068.0,34374.0,17.0,19053.0,34374.0,29971.0,29971.0,107.0,20601.0,575,306101.0,1303,11.0,196492.0,196492.0,282962.0,491983.0,491983.0,254212.0,4610.0,4610.0,34494.0,45191.0,34374.0,118934.0,4610.0,Guilford,45191.0,20601.0,20601.0,32561.0,45191.0,101625.0,174473.0,174473.0,32561.0,58700.0,32561.0,306101.0,24.0,243.0,91,118934.0,118934.0,34494.0,34494.0,19053.0,101625.0,101625.0,19053.0,491983.0,196492.0
89488.0,92318.0,89488.0,92318.0,14465.0,14465.0,2.0,3766.0,3766.0,151616.0,IREDELL COUNTY,58064.0,17892.0,3766.0,17892.0,5336.0,17892.0,11621.0,18.0,6156.0,11621.0,5336.0,5336.0,101.0,7683.0,183,151616.0,468,10.0,23717.0,23717.0,92318.0,167203.0,167203.0,89488.0,1137.0,1137.0,12547.0,14603.0,11621.0,41183.0,1137.0,Iredell,14603.0,7683.0,7683.0,11031.0,14603.0,38581.0,58064.0,58064.0,11031.0,14465.0,11031.0,151616.0,26.0,257.0,32,41183.0,41183.0,12547.0,12547.0,6156.0,38581.0,38581.0,6156.0,167203.0,23717.0
180833.0,201462.0,180833.0,201462.0,37038.0,37038.0,2.0,8711.0,8711.0,258869.0,FORSYTH COUNTY,120732.0,36873.0,8711.0,36873.0,10941.0,36873.0,25847.0,18.0,13650.0,25847.0,10941.0,10941.0,95.0,15076.0,363,258869.0,848,9.0,108779.0,108779.0,201462.0,331467.0,331467.0,180833.0,3706.0,3706.0,25362.0,50828.0,25847.0,86894.0,3706.0,Forsyth,50828.0,15076.0,15076.0,24095.0,50828.0,74911.0,120732.0,120732.0,24095.0,37038.0,24095.0,258869.0,22.0,222.0,70,86894.0,86894.0,25362.0,25362.0,13650.0,74911.0,74911.0,13650.0,331467.0,108779.0
13837.0,13926.0,13837.0,13926.0,1878.0,1878.0,1.0,532.0,532.0,25506.0,CURRITUCK COUNTY,8648.0,2946.0,532.0,2946.0,331.0,2946.0,1605.0,7.0,1015.0,1605.0,331.0,331.0,68.0,1040.0,19,25506.0,45,7.0,1719.0,1719.0,13926.0,26551.0,26551.0,13837.0,207.0,207.0,1729.0,1212.0,1605.0,6088.0,207.0,Currituck,1212.0,1040.0,1040.0,1772.0,1212.0,6598.0,8648.0,8648.0,1772.0,1878.0,1772.0,25506.0,16.0,162.0,2,6088.0,6088.0,1729.0,1729.0,1015.0,6598.0,6598.0,1015.0,26551.0,1719.0
32353.0,34676.0,32353.0,34676.0,4996.0,4996.0,2.0,1345.0,1345.0,59075.0,RUTHERFORD COUNTY,18822.0,8740.0,1345.0,8740.0,520.0,8740.0,6115.0,16.0,2079.0,6115.0,520.0,520.0,70.0,2522.0,47,59075.0,104,7.0,7153.0,7153.0,34676.0,63804.0,63804.0,32353.0,281.0,281.0,4020.0,3225.0,6115.0,13607.0,281.0,Rutherford,3225.0,2522.0,2522.0,3641.0,3225.0,14749.0,18822.0,18822.0,3641.0,4996.0,3641.0,59075.0,16.0,155.0,11,13607.0,13607.0,4020.0,4020.0,2079.0,14749.0,14749.0,2079.0,63804.0,7153.0
9763.0,9968.0,9763.0,9968.0,1346.0,1346.0,2.0,340.0,340.0,8107.0,WARREN COUNTY,5224.0,3023.0,340.0,3023.0,98.0,3023.0,2150.0,20.0,548.0,2150.0,98.0,98.0,182.0,631.0,36,8107.0,62,18.0,10341.0,10341.0,9968.0,18958.0,18958.0,9763.0,1185.0,1185.0,1074.0,773.0,2150.0,3531.0,1185.0,Warren,773.0,631.0,631.0,938.0,773.0,4457.0,5224.0,5224.0,938.0,1346.0,938.0,8107.0,31.0,314.0,4,3531.0,3531.0,1074.0,1074.0,548.0,4457.0,4457.0,548.0,18958.0,10341.0
9614.0,9333.0,9614.0,9333.0,1458.0,1458.0,1.0,352.0,352.0,6915.0,BERTIE COUNTY,5533.0,2536.0,352.0,2536.0,168.0,2536.0,1943.0,5.0,469.0,1943.0,168.0,168.0,90.0,603.0,17,6915.0,48,9.0,11721.0,11721.0,9333.0,18501.0,18501.0,9614.0,143.0,143.0,996.0,446.0,1943.0,3300.0,143.0,Bertie,446.0,603.0,603.0,880.0,446.0,4177.0,5533.0,5533.0,880.0,1458.0,880.0,6915.0,25.0,253.0,1,3300.0,3300.0,996.0,996.0,469.0,4177.0,4177.0,469.0,18501.0,11721.0
84780.0,95962.0,84780.0,95962.0,31046.0,31046.0,2.0,4084.0,4084.0,108463.0,PITT COUNTY,56429.0,15246.0,4084.0,15246.0,4496.0,15246.0,9799.0,15.0,6214.0,9799.0,4496.0,4496.0,88.0,6423.0,159,108463.0,437,9.0,66742.0,66742.0,95962.0,169012.0,169012.0,84780.0,1041.0,1041.0,11109.0,11730.0,9799.0,38276.0,1041.0,Pitt,11730.0,6423.0,6423.0,10446.0,11730.0,29946.0,56429.0,56429.0,10446.0,31046.0,10446.0,108463.0,24.0,242.0,28,38276.0,38276.0,11109.0,11109.0,6214.0,29946.0,29946.0,6214.0,169012.0,66742.0
70855.0,72812.0,70855.0,72812.0,11487.0,11487.0,3.0,3098.0,3098.0,129179.0,RANDOLPH COUNTY,43390.0,15397.0,3098.0,15397.0,2483.0,15397.0,10663.0,29.0,5013.0,10663.0,2483.0,2483.0,183.0,5935.0,263,129179.0,568,18.0,10218.0,10218.0,72812.0,126443.0,126443.0,70855.0,1787.0,1787.0,9308.0,17224.0,10663.0,31965.0,1787.0,Randolph,17224.0,5935.0,5935.0,8611.0,17224.0,30765.0,43390.0,43390.0,8611.0,11487.0,8611.0,129179.0,40.0,395.0,41,31965.0,31965.0,9308.0,9308.0,5013.0,30765.0,30765.0,5013.0,126443.0,10218.0
22321.0,23270.0,22321.0,23270.0,3251.0,3251.0,0.0,806.0,806.0,43119.0,STOKES COUNTY,13043.0,5617.0,806.0,5617.0,217.0,5617.0,4300.0,0.0,1249.0,4300.0,217.0,217.0,39.0,1632.0,18,43119.0,69,4.0,2039.0,2039.0,23270.0,44084.0,44084.0,22321.0,216.0,216.0,2516.0,1507.0,4300.0,8446.0,216.0,Stokes,1507.0,1632.0,1632.0,2243.0,1507.0,10934.0,13043.0,13043.0,2243.0,3251.0,2243.0,43119.0,15.0,151.0,0,8446.0,8446.0,2516.0,2516.0,1249.0,10934.0,10934.0,1249.0,44084.0,2039.0
56399.0,61018.0,56399.0,61018.0,7446.0,7446.0,3.0,2153.0,2153.0,110015.0,HENDERSON COUNTY,32347.0,17336.0,2153.0,17336.0,1881.0,17336.0,13625.0,34.0,3500.0,13625.0,1881.0,1881.0,153.0,3883.0,180,110015.0,381,15.0,4606.0,4606.0,61018.0,105280.0,105280.0,56399.0,915.0,915.0,6500.0,12137.0,13625.0,21966.0,915.0,Henderson,12137.0,3883.0,3883.0,5930.0,12137.0,24697.0,32347.0,32347.0,5930.0,7446.0,5930.0,110015.0,32.0,324.0,40,21966.0,21966.0,6500.0,6500.0,3500.0,24697.0,24697.0,3500.0,105280.0,4606.0
108372.0,116157.0,108372.0,116157.0,17948.0,17948.0,3.0,5146.0,5146.0,177187.0,GASTON COUNTY,74157.0,21931.0,5146.0,21931.0,4229.0,21931.0,14720.0,25.0,8212.0,14720.0,4229.0,4229.0,111.0,8670.0,250,177187.0,568,11.0,41625.0,41625.0,116157.0,207515.0,207515.0,108372.0,1488.0,1488.0,14460.0,17014.0,14720.0,50253.0,1488.0,Gaston,17014.0,8670.0,8670.0,13765.0,17014.0,45520.0,74157.0,74157.0,13765.0,17948.0,13765.0,177187.0,25.0,253.0,57,50253.0,50253.0,14460.0,14460.0,8212.0,45520.0,45520.0,8212.0,207515.0,41625.0
19487.0,20337.0,19487.0,20337.0,3855.0,3855.0,2.0,931.0,931.0,23700.0,PASQUOTANK COUNTY,12534.0,4092.0,931.0,4092.0,727.0,4092.0,2749.0,15.0,1500.0,2749.0,727.0,727.0,90.0,1479.0,36,23700.0,75,9.0,15093.0,15093.0,20337.0,37524.0,37524.0,19487.0,304.0,304.0,2501.0,2300.0,2749.0,8756.0,304.0,Pasquotank,2300.0,1479.0,1479.0,2345.0,2300.0,7838.0,12534.0,12534.0,2345.0,3855.0,2345.0,23700.0,19.0,188.0,6,8756.0,8756.0,2501.0,2501.0,1500.0,7838.0,7838.0,1500.0,37524.0,15093.0
13944.0,14668.0,13944.0,14668.0,1684.0,1684.0,6.0,500.0,500.0,27254.0,CHEROKEE COUNTY,6942.0,5115.0,500.0,5115.0,239.0,5115.0,3608.0,56.0,692.0,3608.0,239.0,239.0,115.0,898.0,33,27254.0,62,12.0,577.0,577.0,14668.0,27675.0,27675.0,13944.0,542.0,542.0,1414.0,937.0,3608.0,4735.0,542.0,Cherokee,937.0,898.0,898.0,1231.0,937.0,6528.0,6942.0,6942.0,1231.0,1684.0,1231.0,27254.0,22.0,217.0,16,4735.0,4735.0,1414.0,1414.0,692.0,6528.0,6528.0,692.0,27675.0,577.0
17398.0,18460.0,17398.0,18460.0,2316.0,2316.0,1.0,683.0,683.0,34389.0,MACON COUNTY,8914.0,5819.0,683.0,5819.0,412.0,5819.0,4531.0,11.0,1054.0,4531.0,412.0,412.0,67.0,1171.0,24,34389.0,53,7.0,743.0,743.0,18460.0,33217.0,33217.0,17398.0,314.0,314.0,1915.0,2641.0,4531.0,6598.0,314.0,Macon,2641.0,1171.0,1171.0,1775.0,2641.0,7680.0,8914.0,8914.0,1775.0,2316.0,1775.0,34389.0,15.0,148.0,4,6598.0,6598.0,1915.0,1915.0,1054.0,7680.0,7680.0,1054.0,33217.0,743.0
6445.0,7018.0,6445.0,7018.0,805.0,805.0,1.0,237.0,237.0,10157.0,PERQUIMANS COUNTY,3433.0,2065.0,237.0,2065.0,76.0,2065.0,1606.0,15.0,365.0,1606.0,76.0,76.0,89.0,420.0,12,10157.0,41,9.0,3161.0,3161.0,7018.0,13093.0,13093.0,6445.0,69.0,69.0,807.0,370.0,1606.0,2506.0,69.0,Perquimans,370.0,420.0,420.0,677.0,370.0,3048.0,3433.0,3433.0,677.0,805.0,677.0,10157.0,30.0,305.0,2,2506.0,2506.0,807.0,807.0,365.0,3048.0,3048.0,365.0,13093.0,3161.0
43925.0,47085.0,43925.0,47085.0,6700.0,6700.0,2.0,1733.0,1733.0,71555.0,ROCKINGHAM COUNTY,26204.0,11080.0,1733.0,11080.0,796.0,11080.0,7916.0,15.0,2871.0,7916.0,796.0,796.0,58.0,3335.0,53,71555.0,136,6.0,18060.0,18060.0,47085.0,85250.0,85250.0,43925.0,599.0,599.0,5348.0,5760.0,7916.0,18315.0,599.0,Rockingham,5760.0,3335.0,3335.0,5028.0,5760.0,20795.0,26204.0,26204.0,5028.0,6700.0,5028.0,71555.0,15.0,149.0,14,18315.0,18315.0,5348.0,5348.0,2871.0,20795.0,20795.0,2871.0,85250.0,18060.0
59972.0,63159.0,59972.0,63159.0,11769.0,11769.0,1.0,3194.0,3194.0,78713.0,WAYNE COUNTY,37775.0,12211.0,3194.0,12211.0,2170.0,12211.0,8591.0,7.0,4891.0,8591.0,2170.0,2170.0,52.0,4745.0,64,78713.0,172,5.0,41133.0,41133.0,63159.0,107804.0,107804.0,59972.0,1115.0,1115.0,8140.0,15327.0,8591.0,29100.0,1115.0,Wayne,15327.0,4745.0,4745.0,8130.0,15327.0,23685.0,37775.0,37775.0,8130.0,11769.0,8130.0,78713.0,14.0,140.0,9,29100.0,29100.0,8140.0,8140.0,4891.0,23685.0,23685.0,4891.0,107804.0,41133.0
,,,,,,,,,,,,,,,,,,,,,,,,,-1,,-1,,,,,,,,,,,,,,,Missing,,,,,,,,,,,,,,,0,,,,,,,,,,
17261.0,17562.0,17261.0,17562.0,3229.0,3229.0,2.0,863.0,863.0,15892.0,SCOTLAND COUNTY,10524.0,3894.0,863.0,3894.0,368.0,3894.0,2637.0,17.0,1430.0,2637.0,368.0,368.0,66.0,1237.0,23,15892.0,58,7.0,13867.0,13867.0,17562.0,33673.0,33673.0,17261.0,4696.0,4696.0,2295.0,1150.0,2637.0,8030.0,4696.0,Scotland,1150.0,1237.0,1237.0,2205.0,1150.0,6509.0,10524.0,10524.0,2205.0,3229.0,2205.0,15892.0,17.0,167.0,6,8030.0,8030.0,2295.0,2295.0,1430.0,6509.0,6509.0,1430.0,33673.0,13867.0
34516.0,35169.0,34516.0,35169.0,5779.0,5779.0,4.0,1468.0,1468.0,49586.0,FRANKLIN COUNTY,21587.0,7308.0,1468.0,7308.0,674.0,7308.0,4627.0,39.0,2418.0,4627.0,674.0,674.0,212.0,2711.0,148,49586.0,286,21.0,18732.0,18732.0,35169.0,63432.0,63432.0,34516.0,693.0,693.0,4533.0,6253.0,4627.0,15161.0,693.0,Franklin,6253.0,2711.0,2711.0,4031.0,6253.0,15223.0,21587.0,21587.0,4031.0,5779.0,4031.0,49586.0,41.0,410.0,27,15161.0,15161.0,4533.0,4533.0,2418.0,15223.0,15223.0,2418.0,63432.0,18732.0
27240.0,27994.0,27240.0,27994.0,4355.0,4355.0,2.0,1682.0,1682.0,27904.0,HOKE COUNTY,20861.0,3868.0,1682.0,3868.0,1200.0,3868.0,1986.0,16.0,2888.0,1986.0,1200.0,1200.0,110.0,2055.0,61,27904.0,121,11.0,20581.0,20581.0,27994.0,47539.0,47539.0,27240.0,5549.0,5549.0,3944.0,7695.0,1986.0,14952.0,5549.0,Hoke,7695.0,2055.0,2055.0,4383.0,7695.0,9212.0,20861.0,20861.0,4383.0,4355.0,4383.0,27904.0,22.0,219.0,9,14952.0,14952.0,3944.0,3944.0,2888.0,9212.0,9212.0,2888.0,47539.0,20581.0
11781.0,11896.0,11781.0,11896.0,2566.0,2566.0,0.0,436.0,436.0,8548.0,HERTFORD COUNTY,6853.0,2773.0,436.0,2773.0,206.0,2773.0,2063.0,0.0,631.0,2063.0,206.0,206.0,30.0,804.0,7,8548.0,27,3.0,14589.0,14589.0,11896.0,22695.0,22695.0,11781.0,334.0,334.0,1322.0,982.0,2063.0,4378.0,334.0,Hertford,982.0,804.0,804.0,1185.0,982.0,5044.0,6853.0,6853.0,1185.0,2566.0,1185.0,8548.0,11.0,114.0,0,4378.0,4378.0,1322.0,1322.0,631.0,5044.0,5044.0,631.0,22695.0,14589.0
19109.0,18388.0,19109.0,18388.0,2719.0,2719.0,1.0,734.0,734.0,34436.0,ALEXANDER COUNTY,11564.0,4436.0,734.0,4436.0,425.0,4436.0,3231.0,8.0,1143.0,3231.0,425.0,425.0,147.0,1340.0,55,34436.0,107,15.0,2437.0,2437.0,18388.0,35709.0,35709.0,19109.0,199.0,199.0,2276.0,1788.0,3231.0,7457.0,199.0,Alexander,1788.0,1340.0,1340.0,1964.0,1788.0,8090.0,11564.0,11564.0,1964.0,2719.0,1964.0,34436.0,29.0,285.0,3,7457.0,7457.0,2276.0,2276.0,1143.0,8090.0,8090.0,1143.0,35709.0,2437.0
23757.0,27715.0,23757.0,27715.0,4052.0,4052.0,1.0,1186.0,1186.0,20666.0,EDGECOMBE COUNTY,14633.0,6313.0,1186.0,6313.0,255.0,6313.0,4196.0,12.0,1754.0,4196.0,255.0,255.0,130.0,2069.0,67,20666.0,166,13.0,30147.0,30147.0,27715.0,48919.0,48919.0,23757.0,404.0,404.0,3404.0,2553.0,4196.0,11568.0,404.0,Edgecombe,2553.0,2069.0,2069.0,3155.0,2553.0,10710.0,14633.0,14633.0,3155.0,4052.0,3155.0,20666.0,32.0,323.0,6,11568.0,11568.0,3404.0,3404.0,1754.0,10710.0,10710.0,1754.0,48919.0,30147.0
153424.0,168064.0,153424.0,168064.0,32135.0,32135.0,2.0,8278.0,8278.0,176922.0,DURHAM COUNTY,124352.0,27190.0,8278.0,27190.0,18818.0,27190.0,16574.0,21.0,11903.0,16574.0,18818.0,18818.0,99.0,9870.0,319,176922.0,584,10.0,122512.0,122512.0,168064.0,277560.0,277560.0,153424.0,3236.0,3236.0,17418.0,43928.0,16574.0,65659.0,3236.0,Durham,43928.0,9870.0,9870.0,18190.0,43928.0,55578.0,124352.0,124352.0,18190.0,32135.0,18190.0,176922.0,18.0,182.0,68,65659.0,65659.0,17418.0,17418.0,11903.0,55578.0,55578.0,11903.0,277560.0,122512.0
51569.0,50570.0,51569.0,50570.0,11987.0,11987.0,4.0,2620.0,2620.0,74848.0,CRAVEN COUNTY,30014.0,11632.0,2620.0,11632.0,3476.0,11632.0,8471.0,37.0,3741.0,8471.0,3476.0,3476.0,138.0,3386.0,141,74848.0,302,14.0,23004.0,23004.0,50570.0,94369.0,94369.0,51569.0,811.0,811.0,6023.0,7770.0,8471.0,21752.0,811.0,Craven,7770.0,3386.0,3386.0,5982.0,7770.0,18283.0,30014.0,30014.0,5982.0,11987.0,5982.0,74848.0,30.0,296.0,38,21752.0,21752.0,6023.0,6023.0,3741.0,18283.0,18283.0,3741.0,94369.0,23004.0
30692.0,29751.0,30692.0,29751.0,4943.0,4943.0,3.0,1212.0,1212.0,39487.0,GRANVILLE COUNTY,18882.0,6432.0,1212.0,6432.0,541.0,6432.0,4242.0,33.0,1895.0,4242.0,541.0,541.0,200.0,2345.0,121,39487.0,228,20.0,19822.0,19822.0,29751.0,55296.0,55296.0,30692.0,593.0,593.0,3664.0,5147.0,4242.0,12385.0,593.0,Granville,5147.0,2345.0,2345.0,3269.0,5147.0,13559.0,18882.0,18882.0,3269.0,4943.0,3269.0,39487.0,38.0,377.0,20,12385.0,12385.0,3664.0,3664.0,1895.0,13559.0,13559.0,1895.0,55296.0,19822.0
5519.0,5618.0,5519.0,5618.0,689.0,689.0,0.0,205.0,205.0,10730.0,ALLEGHANY COUNTY,2856.0,1796.0,205.0,1796.0,99.0,1796.0,1320.0,0.0,306.0,1320.0,99.0,99.0,117.0,321.0,13,10730.0,24,12.0,249.0,249.0,5618.0,10040.0,10040.0,5519.0,59.0,59.0,556.0,1097.0,1320.0,1888.0,59.0,Alleghany,1097.0,321.0,321.0,500.0,1097.0,2588.0,2856.0,2856.0,500.0,689.0,500.0,10730.0,22.0,215.0,0,1888.0,1888.0,556.0,556.0,306.0,2588.0,2588.0,306.0,10040.0,249.0
70163.0,71925.0,70163.0,71925.0,12250.0,12250.0,3.0,3225.0,3225.0,114263.0,ROWAN COUNTY,43580.0,14816.0,3225.0,14816.0,2101.0,14816.0,10555.0,25.0,5033.0,10555.0,2101.0,2101.0,134.0,5720.0,191,114263.0,409,13.0,24715.0,24715.0,71925.0,128688.0,128688.0,70163.0,1009.0,1009.0,9267.0,13400.0,10555.0,31359.0,1009.0,Rowan,13400.0,5720.0,5720.0,8114.0,13400.0,29528.0,43580.0,43580.0,8114.0,12250.0,8114.0,114263.0,29.0,288.0,36,31359.0,31359.0,9267.0,9267.0,5033.0,29528.0,29528.0,5033.0,128688.0,24715.0
6841.0,7430.0,6841.0,7430.0,1182.0,1182.0,-1.0,287.0,287.0,9298.0,SWAIN COUNTY,4321.0,1628.0,287.0,1628.0,122.0,1628.0,1175.0,-7.0,581.0,1175.0,122.0,122.0,14.0,487.0,2,9298.0,16,1.0,258.0,258.0,7430.0,13449.0,13449.0,6841.0,4593.0,4593.0,846.0,822.0,1175.0,3134.0,4593.0,Swain,822.0,487.0,487.0,933.0,822.0,2831.0,4321.0,4321.0,933.0,1182.0,933.0,9298.0,11.0,112.0,-1,3134.0,3134.0,846.0,846.0,581.0,2831.0,2831.0,581.0,13449.0,258.0
18654.0,19013.0,18654.0,19013.0,2827.0,2827.0,2.0,790.0,790.0,35715.0,YADKIN COUNTY,10826.0,4347.0,790.0,4347.0,233.0,4347.0,3364.0,19.0,1177.0,3364.0,233.0,233.0,117.0,1401.0,44,35715.0,89,12.0,1442.0,1442.0,19013.0,33329.0,33329.0,18654.0,277.0,277.0,2305.0,4338.0,3364.0,7816.0,277.0,Yadkin,4338.0,1401.0,1401.0,2143.0,4338.0,8487.0,10826.0,10826.0,2143.0,2827.0,2143.0,35715.0,24.0,236.0,7,7816.0,7816.0,2305.0,2305.0,1177.0,8487.0,8487.0,1177.0,33329.0,1442.0
24099.0,25911.0,24099.0,25911.0,3679.0,3679.0,1.0,1103.0,1103.0,20149.0,HALIFAX COUNTY,14122.0,6224.0,1103.0,6224.0,488.0,6224.0,4466.0,10.0,1662.0,4466.0,488.0,488.0,76.0,1893.0,38,20149.0,67,8.0,27254.0,27254.0,25911.0,48452.0,48452.0,24099.0,2119.0,2119.0,3162.0,1558.0,4466.0,10619.0,2119.0,Halifax,1558.0,1893.0,1893.0,2799.0,1558.0,10900.0,14122.0,14122.0,2799.0,3679.0,2799.0,20149.0,13.0,134.0,5,10619.0,10619.0,3162.0,3162.0,1662.0,10900.0,10900.0,1662.0,48452.0,27254.0
10722.0,11033.0,10722.0,11033.0,2100.0,2100.0,4.0,372.0,372.0,21109.0,MADISON COUNTY,6304.0,3037.0,372.0,3037.0,134.0,3037.0,1997.0,37.0,642.0,1997.0,134.0,134.0,165.0,748.0,36,21109.0,68,17.0,400.0,400.0,11033.0,21223.0,21223.0,10722.0,112.0,112.0,1038.0,532.0,1997.0,3816.0,112.0,Madison,532.0,748.0,748.0,1016.0,532.0,4501.0,6304.0,6304.0,1016.0,2100.0,1016.0,21109.0,31.0,313.0,8,3816.0,3816.0,1038.0,1038.0,642.0,4501.0,4501.0,642.0,21223.0,400.0
45277.0,45208.0,45277.0,45208.0,7631.0,7631.0,1.0,1712.0,1712.0,78906.0,BURKE COUNTY,27025.0,10605.0,1712.0,10605.0,4016.0,10605.0,8115.0,12.0,2597.0,8115.0,4016.0,4016.0,99.0,3147.0,90,78906.0,174,10.0,6712.0,6712.0,45208.0,84630.0,84630.0,45277.0,851.0,851.0,4862.0,5855.0,8115.0,16625.0,851.0,Burke,5855.0,3147.0,3147.0,4307.0,5855.0,20484.0,27025.0,27025.0,4307.0,7631.0,4307.0,78906.0,19.0,192.0,11,16625.0,16625.0,4862.0,4862.0,2597.0,20484.0,20484.0,2597.0,84630.0,6712.0
8890.0,9179.0,8890.0,9179.0,1210.0,1210.0,2.0,352.0,352.0,17552.0,YANCEY COUNTY,4964.0,2715.0,352.0,2715.0,113.0,2715.0,2029.0,17.0,505.0,2029.0,113.0,113.0,133.0,611.0,24,17552.0,33,13.0,267.0,267.0,9179.0,17071.0,17071.0,8890.0,137.0,137.0,958.0,998.0,2029.0,3287.0,137.0,Yancey,998.0,611.0,611.0,861.0,998.0,3864.0,4964.0,4964.0,861.0,1210.0,861.0,17552.0,18.0,183.0,3,3287.0,3287.0,958.0,958.0,505.0,3864.0,3864.0,505.0,17071.0,267.0
108732.0,89206.0,108732.0,89206.0,40969.0,40969.0,2.0,7486.0,7486.0,155084.0,ONSLOW COUNTY,65520.0,11312.0,7486.0,11312.0,6224.0,11312.0,7714.0,16.0,9665.0,7714.0,6224.0,6224.0,101.0,5976.0,200,155084.0,462,10.0,34503.0,34503.0,89206.0,172417.0,172417.0,108732.0,2127.0,2127.0,11698.0,25521.0,7714.0,48595.0,2127.0,Onslow,25521.0,5976.0,5976.0,13770.0,25521.0,23828.0,65520.0,65520.0,13770.0,40969.0,13770.0,155084.0,23.0,233.0,32,48595.0,48595.0,11698.0,11698.0,9665.0,23828.0,23828.0,9665.0,172417.0,34503.0
33612.0,34800.0,33612.0,34800.0,5174.0,5174.0,2.0,1365.0,1365.0,64046.0,WILKES COUNTY,19478.0,8676.0,1365.0,8676.0,508.0,8676.0,6486.0,22.0,2101.0,6486.0,508.0,508.0,127.0,2628.0,87,64046.0,160,13.0,3563.0,3563.0,34800.0,63684.0,63684.0,33612.0,295.0,295.0,4182.0,4728.0,6486.0,13784.0,295.0,Wilkes,4728.0,2628.0,2628.0,3508.0,4728.0,14814.0,19478.0,19478.0,3508.0,5174.0,3508.0,64046.0,23.0,234.0,15,13784.0,13784.0,4182.0,4182.0,2101.0,14814.0,14814.0,2101.0,63684.0,3563.0
18153.0,18856.0,18153.0,18856.0,2279.0,2279.0,1.0,656.0,656.0,35171.0,DARE COUNTY,10462.0,5365.0,656.0,5365.0,382.0,5365.0,2836.0,14.0,986.0,2836.0,382.0,382.0,57.0,1302.0,21,35171.0,38,6.0,1240.0,1240.0,18856.0,34148.0,34148.0,18153.0,216.0,216.0,2139.0,2861.0,2836.0,6921.0,216.0,Dare,2861.0,1302.0,1302.0,1838.0,2861.0,9146.0,10462.0,10462.0,1838.0,2279.0,1838.0,35171.0,10.0,103.0,5,6921.0,6921.0,2139.0,2139.0,986.0,9146.0,9146.0,986.0,34148.0,1240.0
45143.0,49155.0,45143.0,49155.0,8304.0,8304.0,2.0,2126.0,2126.0,52325.0,NASH COUNTY,27878.0,10889.0,2126.0,10889.0,1111.0,10889.0,7067.0,21.0,3149.0,7067.0,1111.0,1111.0,164.0,3698.0,155,52325.0,307,16.0,39834.0,39834.0,49155.0,87358.0,87358.0,45143.0,1028.0,1028.0,5972.0,6940.0,7067.0,20533.0,1028.0,Nash,6940.0,3698.0,3698.0,5588.0,6940.0,19627.0,27878.0,27878.0,5588.0,8304.0,5588.0,52325.0,33.0,326.0,20,20533.0,20533.0,5972.0,5972.0,3149.0,19627.0,19627.0,3149.0,87358.0,39834.0
34024.0,35449.0,34024.0,35449.0,4362.0,4362.0,3.0,1062.0,1062.0,63535.0,CARTERET COUNTY,18705.0,10840.0,1062.0,10840.0,1106.0,10840.0,7027.0,29.0,1739.0,7027.0,1106.0,1106.0,109.0,2214.0,76,63535.0,115,11.0,4346.0,4346.0,35449.0,66406.0,66406.0,34024.0,486.0,486.0,3659.0,3067.0,7027.0,11936.0,486.0,Carteret,3067.0,2214.0,2214.0,3262.0,3067.0,16603.0,18705.0,18705.0,3262.0,4362.0,3262.0,63535.0,17.0,166.0,20,11936.0,11936.0,3659.0,3659.0,1739.0,16603.0,16603.0,1739.0,66406.0,4346.0
15533.0,17189.0,15533.0,17189.0,2429.0,2429.0,4.0,645.0,645.0,20123.0,BLADEN COUNTY,9170.0,4515.0,645.0,4515.0,137.0,4515.0,2944.0,37.0,946.0,2944.0,137.0,137.0,144.0,1233.0,47,20123.0,98,14.0,11377.0,11377.0,17189.0,30184.0,30184.0,15533.0,1085.0,1085.0,1993.0,2538.0,2944.0,6645.0,1085.0,Bladen,2538.0,1233.0,1233.0,1828.0,2538.0,7019.0,9170.0,9170.0,1828.0,2429.0,1828.0,20123.0,30.0,299.0,12,6645.0,6645.0,1993.0,1993.0,946.0,7019.0,7019.0,946.0,30184.0,11377.0
