.id,metric,cases,perc_of_cases,deaths,perc_of_deaths,category,cases_daily,deaths_daily
2020-07-13,American Indian and Alaska Native,656,1,21,1,race,,
2020-07-13,Asian,1144,2,22,2,race,,
2020-07-13,Black or African American,14151,24,477,33,race,,
2020-07-13,Native Hawaiian or Pacific Islander,186,0,3,0,race,,
2020-07-13,White,32883,56,838,58,race,,
2020-07-13,Other,10002,17,93,6,race,,
2020-07-13,Hispanic,25309,44,141,10,ethnicity,,
2020-07-13,Non-Hispanic,31755,56,1265,90,ethnicity,,
2020-07-13,0-17,9427,11,1,0,age,,
2020-07-13,18-24,11746,13,2,0,age,,
2020-07-13,25-49,39240,45,81,5,age,,
2020-07-13,50-64,16654,19,238,16,age,,
2020-07-13,65-74,5466,6,303,20,age,,
2020-07-13,75+,4956,6,885,59,age,,
2020-07-13,Female,44385,51,702,47,sex,,
2020-07-13,Male,42307,49,797,53,sex,,
2020-07-14,American Indian and Alaska Native,678,1,21,1,race,22,0
2020-07-14,Asian,1158,2,22,1,race,14,0
2020-07-14,Black or African American,14431,24,490,33,race,280,13
2020-07-14,Native Hawaiian or Pacific Islander,191,0,3,0,race,5,0
2020-07-14,White,33647,56,864,58,race,764,26
2020-07-14,Other,10203,17,95,6,race,201,2
2020-07-14,Hispanic,25735,44,148,10,ethnicity,426,7
2020-07-14,Non-Hispanic,32471,56,1296,90,ethnicity,716,31
2020-07-14,0-17,9661,11,1,0,age,234,0
2020-07-14,18-24,12030,13,2,0,age,284,0
2020-07-14,25-49,40099,45,85,5,age,859,4
2020-07-14,50-64,17018,19,243,16,age,364,5
2020-07-14,65-74,5587,6,313,20,age,121,10
2020-07-14,75+,5047,6,908,59,age,91,23
2020-07-14,Female,45443,51,719,47,sex,1058,17
2020-07-14,Male,43192,49,822,53,sex,885,25
2020-07-15,American Indian and Alaska Native,698,1,23,2,race,20,2
2020-07-15,Asian,1168,2,22,1,race,10,0
2020-07-15,Black or African American,14760,24,496,33,race,329,6
2020-07-15,Native Hawaiian or Pacific Islander,193,0,3,0,race,2,0
2020-07-15,White,34499,56,873,58,race,852,9
2020-07-15,Other,10358,17,96,6,race,155,1
2020-07-15,Hispanic,26155,44,151,10,ethnicity,420,3
2020-07-15,Non-Hispanic,33312,56,1309,90,ethnicity,841,13
2020-07-15,0-17,9848,11,1,0,age,187,0
2020-07-15,18-24,12304,13,2,0,age,274,0
2020-07-15,25-49,40841,45,87,6,age,742,2
2020-07-15,50-64,17335,19,246,16,age,317,3
2020-07-15,65-74,5734,6,316,20,age,147,3
2020-07-15,75+,5163,6,916,58,age,116,8
2020-07-15,Female,46377,51,726,47,sex,934,7
2020-07-15,Male,44032,49,831,53,sex,840,9
2020-07-16,American Indian and Alaska Native,723,1,24,2,race,25,1
2020-07-16,Asian,1192,2,24,2,race,24,2
2020-07-16,Black or African American,15222,24,505,33,race,462,9
2020-07-16,Native Hawaiian or Pacific Islander,195,0,3,0,race,2,0
2020-07-16,White,35471,56,879,57,race,972,6
2020-07-16,Other,10634,17,97,6,race,276,1
2020-07-16,Hispanic,26674,44,152,10,ethnicity,519,1
2020-07-16,Non-Hispanic,34326,56,1324,90,ethnicity,1014,15
2020-07-16,0-17,10118,11,1,0,age,270,0
2020-07-16,18-24,12648,14,2,0,age,344,0
2020-07-16,25-49,41751,45,88,6,age,910,1
2020-07-16,50-64,17716,19,250,16,age,381,4
2020-07-16,65-74,5875,6,321,20,age,141,5
2020-07-16,75+,5274,6,926,58,age,111,10
2020-07-16,Female,47499,51,736,47,sex,1122,10
2020-07-16,Male,45060,49,841,53,sex,1028,10
2020-07-17,American Indian and Alaska Native,744,1,24,2,race,21,0
2020-07-17,Asian,1212,2,24,2,race,20,0
2020-07-17,Black or African American,15601,24,509,33,race,379,4
2020-07-17,Native Hawaiian or Pacific Islander,195,0,3,0,race,0,0
2020-07-17,White,36529,56,891,57,race,1058,12
2020-07-17,Other,10866,17,99,6,race,232,2
2020-07-17,Hispanic,27150,43,154,10,ethnicity,476,2
2020-07-17,Non-Hispanic,35392,57,1337,90,ethnicity,1066,13
2020-07-17,0-17,10367,11,1,0,age,249,0
2020-07-17,18-24,12943,14,2,0,age,295,0
2020-07-17,25-49,42612,45,88,5,age,861,0
2020-07-17,50-64,18087,19,254,16,age,371,4
2020-07-17,65-74,6024,6,324,20,age,149,3
2020-07-17,75+,5399,6,937,58,age,125,11
2020-07-17,Female,48599,51,741,46,sex,1100,5
2020-07-17,Male,45999,49,854,54,sex,939,13
2020-07-18,American Indian and Alaska Native,788,1,24,2,race,44,0
2020-07-18,Asian,1225,2,25,2,race,13,1
2020-07-18,Black or African American,15936,24,516,33,race,335,7
2020-07-18,Native Hawaiian or Pacific Islander,201,0,3,0,race,6,0
2020-07-18,White,37443,56,906,58,race,914,15
2020-07-18,Other,11102,17,99,6,race,236,0
2020-07-18,Hispanic,27598,43,155,10,ethnicity,448,1
2020-07-18,Non-Hispanic,36329,57,1359,90,ethnicity,937,22
2020-07-18,0-17,10701,11,1,0,age,334,0
2020-07-18,18-24,13343,14,2,0,age,400,0
2020-07-18,25-49,43663,45,88,5,age,1051,0
2020-07-18,50-64,18520,19,258,16,age,433,4
2020-07-18,65-74,6182,6,336,21,age,158,12
2020-07-18,75+,5500,6,944,58,age,101,7
2020-07-18,Female,49919,51,755,47,sex,1320,14
2020-07-18,Male,47143,49,863,53,sex,1144,9
2020-07-19,American Indian and Alaska Native,804,1,24,2,race,16,0
2020-07-19,Asian,1237,2,25,2,race,12,0
2020-07-19,Black or African American,16174,24,517,33,race,238,1
2020-07-19,Native Hawaiian or Pacific Islander,205,0,3,0,race,4,0
2020-07-19,White,37950,56,910,58,race,507,4
2020-07-19,Other,11259,17,99,6,race,157,0
2020-07-19,Hispanic,27836,43,157,10,ethnicity,238,2
2020-07-19,Non-Hispanic,36805,57,1362,90,ethnicity,476,3
2020-07-19,0-17,10957,11,1,0,age,256,0
2020-07-19,18-24,13626,14,2,0,age,283,0
2020-07-19,25-49,44454,45,88,5,age,791,0
2020-07-19,50-64,18832,19,259,16,age,312,1
2020-07-19,65-74,6289,6,338,21,age,107,2
2020-07-19,75+,5570,6,946,58,age,70,2
2020-07-19,Female,50956,52,756,47,sex,1037,1
2020-07-19,Male,47909,48,867,53,sex,766,4
2020-07-20,American Indian and Alaska Native,825,1,24,2,race,21,0
2020-07-20,Asian,1253,2,25,2,race,16,0
2020-07-20,Black or African American,16378,24,520,33,race,204,3
2020-07-20,Native Hawaiian or Pacific Islander,205,0,3,0,race,0,0
2020-07-20,White,38365,56,913,58,race,415,3
2020-07-20,Other,11428,17,101,6,race,169,2
2020-07-20,Hispanic,28049,43,158,10,ethnicity,213,1
2020-07-20,Non-Hispanic,37158,57,1369,90,ethnicity,353,7
2020-07-20,0-17,11094,11,1,0,age,137,0
2020-07-20,18-24,13803,14,2,0,age,177,0
2020-07-20,25-49,45032,45,89,5,age,578,1
2020-07-20,50-64,19057,19,259,16,age,225,0
2020-07-20,65-74,6378,6,340,21,age,89,2
2020-07-20,75+,5632,6,951,58,age,62,5
2020-07-20,Female,51620,52,759,47,sex,664,3
2020-07-20,Male,48505,48,872,53,sex,596,5
2020-07-21,American Indian and Alaska Native,859,1,24,1,race,34,0
2020-07-21,Asian,1279,2,25,2,race,26,0
2020-07-21,Black or African American,16812,24,530,33,race,434,10
2020-07-21,Native Hawaiian or Pacific Islander,207,0,3,0,race,2,0
2020-07-21,White,39248,56,926,57,race,883,13
2020-07-21,Other,11695,17,103,6,race,267,2
2020-07-21,Hispanic,28518,43,161,10,ethnicity,469,3
2020-07-21,Non-Hispanic,37928,57,1387,90,ethnicity,770,18
2020-07-21,0-17,11320,11,1,0,age,226,0
2020-07-21,18-24,14088,14,2,0,age,285,0
2020-07-21,25-49,45784,45,92,6,age,752,3
2020-07-21,50-64,19402,19,263,16,age,345,4
2020-07-21,65-74,6490,6,352,21,age,112,12
2020-07-21,75+,5728,6,958,57,age,96,7
2020-07-21,Female,52591,52,773,47,sex,971,14
2020-07-21,Male,49352,48,884,53,sex,847,12
2020-07-22,American Indian and Alaska Native,911,1,25,2,race,52,1
2020-07-22,Asian,1301,2,25,2,race,22,0
2020-07-22,Black or African American,17314,24,536,33,race,502,6
2020-07-22,Native Hawaiian or Pacific Islander,210,0,4,0,race,3,1
2020-07-22,White,40399,56,945,58,race,1151,19
2020-07-22,Other,12039,17,106,6,race,344,3
2020-07-22,Hispanic,29052,43,166,11,ethnicity,534,5
2020-07-22,Non-Hispanic,39004,57,1410,89,ethnicity,1076,23
2020-07-22,0-17,11586,11,1,0,age,266,0
2020-07-22,18-24,14371,14,2,0,age,283,0
2020-07-22,25-49,46685,44,93,5,age,901,1
2020-07-22,50-64,19823,19,265,16,age,421,2
2020-07-22,65-74,6628,6,360,21,age,138,8
2020-07-22,75+,5865,6,977,58,age,137,19
2020-07-22,Female,53741,52,785,47,sex,1150,12
2020-07-22,Male,50339,48,902,53,sex,987,18
2020-07-23,American Indian and Alaska Native,960,1,26,2,race,49,1
2020-07-23,Asian,1341,2,25,2,race,40,0
2020-07-23,Black or African American,17818,24,542,33,race,504,6
2020-07-23,Native Hawaiian or Pacific Islander,211,0,4,0,race,1,0
2020-07-23,White,41551,56,960,58,race,1152,15
2020-07-23,Other,12341,17,108,6,race,302,2
2020-07-23,Hispanic,29584,43,168,11,ethnicity,532,2
2020-07-23,Non-Hispanic,39813,57,1431,89,ethnicity,809,21
2020-07-23,0-17,11820,11,1,0,age,234,0
2020-07-23,18-24,14640,14,2,0,age,269,0
2020-07-23,25-49,47528,44,93,5,age,843,0
2020-07-23,50-64,20185,19,272,16,age,362,7
2020-07-23,65-74,6748,6,369,21,age,120,9
2020-07-23,75+,5931,6,989,57,age,66,12
2020-07-23,Female,54767,52,804,47,sex,1026,19
2020-07-23,Male,51204,48,911,53,sex,865,9
2020-07-24,American Indian and Alaska Native,996,1,26,2,race,36,0
2020-07-24,Asian,1373,2,25,1,race,32,0
2020-07-24,Black or African American,18298,24,548,33,race,480,6
2020-07-24,Native Hawaiian or Pacific Islander,211,0,3,0,race,0,-1
2020-07-24,White,42797,56,968,58,race,1246,8
2020-07-24,Other,12660,17,113,7,race,319,5
2020-07-24,Hispanic,30050,42,172,11,ethnicity,466,4
2020-07-24,Non-Hispanic,40845,58,1445,89,ethnicity,1032,14
2020-07-24,0-17,12031,11,1,0,age,211,0
2020-07-24,18-24,14989,14,2,0,age,349,0
2020-07-24,25-49,48458,44,93,5,age,930,0
2020-07-24,50-64,20592,19,276,16,age,407,4
2020-07-24,65-74,6890,6,375,21,age,142,6
2020-07-24,75+,5995,6,999,57,age,64,10
2020-07-24,Female,55824,52,812,47,sex,1057,8
2020-07-24,Male,52235,48,923,53,sex,1031,12
2020-07-25,American Indian and Alaska Native,1043,1,26,2,race,47,0
2020-07-25,Asian,1400,2,26,2,race,27,1
2020-07-25,Black or African American,18760,24,557,32,race,462,9
2020-07-25,Native Hawaiian or Pacific Islander,216,0,3,0,race,5,0
2020-07-25,White,43866,56,986,58,race,1069,18
2020-07-25,Other,12937,17,116,7,race,277,3
2020-07-25,Hispanic,30510,42,177,11,ethnicity,460,5
2020-07-25,Non-Hispanic,41776,58,1469,89,ethnicity,931,24
2020-07-25,0-17,12243,11,1,0,age,212,0
2020-07-25,18-24,15324,14,2,0,age,335,0
2020-07-25,25-49,49363,44,95,5,age,905,2
2020-07-25,50-64,20979,19,282,16,age,387,6
2020-07-25,65-74,7034,6,383,22,age,144,8
2020-07-25,75+,6109,6,1015,57,age,114,16
2020-07-25,Female,56880,52,827,47,sex,1056,15
2020-07-25,Male,53267,48,940,53,sex,1032,17
2020-07-26,American Indian and Alaska Native,1103,1,26,2,race,60,0
2020-07-26,Asian,1408,2,26,2,race,8,0
2020-07-26,Black or African American,19045,24,558,32,race,285,1
2020-07-26,Native Hawaiian or Pacific Islander,218,0,3,0,race,2,0
2020-07-26,White,44435,56,994,58,race,569,8
2020-07-26,Other,13178,17,116,7,race,241,0
2020-07-26,Hispanic,30721,42,177,11,ethnicity,211,0
2020-07-26,Non-Hispanic,42236,58,1478,89,ethnicity,460,9
2020-07-26,0-17,12437,11,1,0,age,194,0
2020-07-26,18-24,15538,14,2,0,age,214,0
2020-07-26,25-49,50049,44,95,5,age,686,0
2020-07-26,50-64,21280,19,283,16,age,301,1
2020-07-26,65-74,7176,6,384,22,age,142,1
2020-07-26,75+,6193,5,1020,57,age,84,5
2020-07-26,Female,57694,52,828,47,sex,814,1
2020-07-26,Male,54072,48,946,53,sex,805,6
2020-07-27,American Indian and Alaska Native,1135,1,26,2,race,32,0
2020-07-27,Asian,1419,2,26,2,race,11,0
2020-07-27,Black or African American,19338,24,560,32,race,293,2
2020-07-27,Native Hawaiian or Pacific Islander,219,0,3,0,race,1,0
2020-07-27,White,45006,56,996,58,race,571,2
2020-07-27,Other,13416,17,116,7,race,238,0
2020-07-27,Hispanic,30931,42,177,11,ethnicity,210,0
2020-07-27,Non-Hispanic,42646,58,1483,89,ethnicity,410,5
2020-07-27,0-17,12648,11,1,0,age,211,0
2020-07-27,18-24,15789,14,2,0,age,251,0
2020-07-27,25-49,50711,44,96,5,age,662,1
2020-07-27,50-64,21582,19,285,16,age,302,2
2020-07-27,65-74,7291,6,386,22,age,115,2
2020-07-27,75+,6273,5,1020,57,age,80,0
2020-07-27,Female,58513,52,831,47,sex,819,3
2020-07-27,Male,54870,48,948,53,sex,798,2
2020-07-28,American Indian and Alaska Native,1154,1,26,1,race,19,0
2020-07-28,Asian,1440,2,26,1,race,21,0
2020-07-28,Black or African American,19790,24,569,32,race,452,9
2020-07-28,Native Hawaiian or Pacific Islander,225,0,3,0,race,6,0
2020-07-28,White,46037,56,1014,58,race,1031,18
2020-07-28,Other,13683,17,119,7,race,267,3
2020-07-28,Hispanic,31444,42,180,11,ethnicity,513,3
2020-07-28,Non-Hispanic,43650,58,1507,89,ethnicity,1004,24
2020-07-28,0-17,12885,11,1,0,age,237,0
2020-07-28,18-24,16033,14,2,0,age,244,0
2020-07-28,25-49,51383,44,97,5,age,672,1
2020-07-28,50-64,21918,19,287,16,age,336,2
2020-07-28,65-74,7443,6,395,22,age,152,9
2020-07-28,75+,6378,5,1038,57,age,105,18
2020-07-28,Female,59448,52,842,47,sex,935,11
2020-07-28,Male,55658,48,967,53,sex,788,19
2020-07-29,American Indian and Alaska Native,1192,1,27,1,race,38,1
2020-07-29,Asian,1460,2,27,1,race,20,1
2020-07-29,Black or African American,20252,24,576,32,race,462,7
2020-07-29,Native Hawaiian or Pacific Islander,234,0,3,0,race,9,0
2020-07-29,White,47213,56,1047,58,race,1176,33
2020-07-29,Other,13907,17,122,7,race,224,3
2020-07-29,Hispanic,31951,42,185,11,ethnicity,507,5
2020-07-29,Non-Hispanic,44798,58,1542,89,ethnicity,1148,35
2020-07-29,0-17,13084,11,1,0,age,199,0
2020-07-29,18-24,16312,14,2,0,age,279,0
2020-07-29,25-49,52089,44,100,5,age,706,3
2020-07-29,50-64,22255,19,291,16,age,337,4
2020-07-29,65-74,7561,6,407,22,age,118,12
2020-07-29,75+,6504,6,1064,57,age,126,26
2020-07-29,Female,60404,52,862,47,sex,956,20
2020-07-29,Male,56465,48,991,53,sex,807,24
2020-07-30,American Indian and Alaska Native,1258,1,27,1,race,66,0
2020-07-30,Asian,1486,2,28,2,race,26,1
2020-07-30,Black or African American,20763,24,580,32,race,511,4
2020-07-30,Native Hawaiian or Pacific Islander,233,0,3,0,race,-1,0
2020-07-30,White,48388,56,1072,58,race,1175,25
2020-07-30,Other,14231,16,125,7,race,324,3
2020-07-30,Hispanic,32364,41,188,11,ethnicity,413,3
2020-07-30,Non-Hispanic,45759,59,1567,89,ethnicity,961,25
2020-07-30,0-17,13346,11,1,0,age,262,0
2020-07-30,18-24,16693,14,2,0,age,381,0
2020-07-30,25-49,53060,44,102,5,age,971,2
2020-07-30,50-64,22693,19,299,16,age,438,8
2020-07-30,65-74,7708,6,417,22,age,147,10
2020-07-30,75+,6647,6,1082,57,age,143,18
2020-07-30,Female,61679,52,876,46,sex,1275,14
2020-07-30,Male,57529,48,1015,54,sex,1064,24
2020-07-31,American Indian and Alaska Native,1288,1,28,2,race,30,1
2020-07-31,Asian,1521,2,28,2,race,35,0
2020-07-31,Black or African American,21190,24,584,31,race,427,4
2020-07-31,Native Hawaiian or Pacific Islander,233,0,3,0,race,0,0
2020-07-31,White,49440,56,1084,58,race,1052,12
2020-07-31,Other,14497,16,127,7,race,266,2
2020-07-31,Hispanic,32783,41,191,11,ethnicity,419,3
2020-07-31,Non-Hispanic,46860,59,1583,89,ethnicity,1101,16
2020-07-31,0-17,13565,11,1,0,age,219,0
2020-07-31,18-24,16993,14,2,0,age,300,0
2020-07-31,25-49,53882,44,102,5,age,822,0
2020-07-31,50-64,23057,19,302,16,age,364,3
2020-07-31,65-74,7838,6,419,22,age,130,2
2020-07-31,75+,6763,6,1098,57,age,116,16
2020-07-31,Female,62722,52,885,46,sex,1043,9
2020-07-31,Male,58436,48,1027,54,sex,907,12
2020-08-01,American Indian and Alaska Native,1333,1,28,1,race,45,0
2020-08-01,Asian,1535,2,29,2,race,14,1
2020-08-01,Black or African American,21584,24,591,31,race,394,7
2020-08-01,Native Hawaiian or Pacific Islander,234,0,3,0,race,1,0
2020-08-01,White,50294,56,1105,59,race,854,21
2020-08-01,Other,14733,16,132,7,race,236,5
2020-08-01,Hispanic,33162,41,196,11,ethnicity,379,5
2020-08-01,Non-Hispanic,47751,59,1609,89,ethnicity,891,26
2020-08-01,0-17,13789,11,1,0,age,224,0
2020-08-01,18-24,17258,14,2,0,age,265,0
2020-08-01,25-49,54584,44,103,5,age,702,1
2020-08-01,50-64,23382,19,305,16,age,325,3
2020-08-01,65-74,7952,6,436,22,age,114,17
2020-08-01,75+,6862,6,1117,57,age,99,19
2020-08-01,Female,63640,52,902,46,sex,918,17
2020-08-01,Male,59248,48,1050,54,sex,812,23
2020-08-02,American Indian and Alaska Native,1378,2,29,2,race,45,1
2020-08-02,Asian,1547,2,29,2,race,12,0
2020-08-02,Black or African American,21805,24,592,31,race,221,1
2020-08-02,Native Hawaiian or Pacific Islander,236,0,3,0,race,2,0
2020-08-02,White,50822,56,1106,58,race,528,1
2020-08-02,Other,14896,16,133,7,race,163,1
2020-08-02,Hispanic,33304,41,196,11,ethnicity,142,0
2020-08-02,Non-Hispanic,48162,59,1612,89,ethnicity,411,3
2020-08-02,0-17,13975,11,1,0,age,186,0
2020-08-02,18-24,17452,14,2,0,age,194,0
2020-08-02,25-49,55133,44,103,5,age,549,0
2020-08-02,50-64,23643,19,306,16,age,261,1
2020-08-02,65-74,8034,6,438,22,age,82,2
2020-08-02,75+,6928,6,1119,57,age,66,2
2020-08-02,Female,64335,52,903,46,sex,695,1
2020-08-02,Male,59888,48,1054,54,sex,640,4
2020-08-03,American Indian and Alaska Native,1404,2,29,2,race,26,0
2020-08-03,Asian,1557,2,29,2,race,10,0
2020-08-03,Black or African American,21989,24,596,31,race,184,4
2020-08-03,Native Hawaiian or Pacific Islander,237,0,4,0,race,1,1
2020-08-03,White,51293,56,1114,58,race,471,8
2020-08-03,Other,15062,16,133,7,race,166,0
2020-08-03,Hispanic,33421,41,196,11,ethnicity,117,0
2020-08-03,Non-Hispanic,48527,59,1625,89,ethnicity,365,13
2020-08-03,0-17,14142,11,1,0,age,167,0
2020-08-03,18-24,17647,14,2,0,age,195,0
2020-08-03,25-49,55643,44,104,5,age,510,1
2020-08-03,50-64,23889,19,310,16,age,246,4
2020-08-03,65-74,8130,6,440,22,age,96,2
2020-08-03,75+,7025,6,1125,57,age,97,6
2020-08-03,Female,65006,52,909,46,sex,671,6
2020-08-03,Male,60514,48,1061,54,sex,626,7
2020-08-04,American Indian and Alaska Native,1415,2,29,2,race,11,0
2020-08-04,Asian,1573,2,29,2,race,16,0
2020-08-04,Black or African American,22386,24,606,31,race,397,10
2020-08-04,Native Hawaiian or Pacific Islander,241,0,4,0,race,4,0
2020-08-04,White,52121,56,1126,58,race,828,12
2020-08-04,Other,15242,16,138,7,race,180,5
2020-08-04,Hispanic,33689,41,199,11,ethnicity,268,3
2020-08-04,Non-Hispanic,49339,59,1648,89,ethnicity,812,23
2020-08-04,0-17,14320,11,1,0,age,178,0
2020-08-04,18-24,17887,14,2,0,age,240,0
2020-08-04,25-49,56316,44,105,5,age,673,1
2020-08-04,50-64,24180,19,316,16,age,291,6
2020-08-04,65-74,8261,6,451,22,age,131,11
2020-08-04,75+,7144,6,1135,56,age,119,10
2020-08-04,Female,65868,52,921,46,sex,862,12
2020-08-04,Male,61262,48,1077,54,sex,748,16
2020-08-05,American Indian and Alaska Native,1427,2,29,1,race,12,0
2020-08-05,Asian,1593,2,29,1,race,20,0
2020-08-05,Black or African American,22680,24,612,31,race,294,6
2020-08-05,Native Hawaiian or Pacific Islander,240,0,4,0,race,-1,0
2020-08-05,White,52788,56,1154,59,race,667,28
2020-08-05,Other,15406,16,139,7,race,164,1
2020-08-05,Hispanic,33966,40,203,11,ethnicity,277,4
2020-08-05,Non-Hispanic,50064,60,1672,89,ethnicity,725,24
2020-08-05,0-17,14450,11,1,0,age,130,0
2020-08-05,18-24,18080,14,2,0,age,193,0
2020-08-05,25-49,56749,44,105,5,age,433,0
2020-08-05,50-64,24372,19,321,16,age,192,5
2020-08-05,65-74,8354,6,461,22,age,93,10
2020-08-05,75+,7223,6,1160,57,age,79,25
2020-08-05,Female,66482,52,941,46,sex,614,20
2020-08-05,Male,61774,48,1096,54,sex,512,19
2020-08-06,American Indian and Alaska Native,1457,2,30,1,race,30,1
2020-08-06,Asian,1621,2,29,1,race,28,0
2020-08-06,Black or African American,23005,24,623,31,race,325,11
2020-08-06,Native Hawaiian or Pacific Islander,240,0,4,0,race,0,0
2020-08-06,White,53697,56,1174,59,race,909,20
2020-08-06,Other,15647,16,141,7,race,241,2
2020-08-06,Hispanic,34324,40,205,11,ethnicity,358,2
2020-08-06,Non-Hispanic,50983,60,1699,89,ethnicity,919,27
2020-08-06,0-17,14658,11,1,0,age,208,0
2020-08-06,18-24,18351,14,3,0,age,271,1
2020-08-06,25-49,57567,44,105,5,age,818,0
2020-08-06,50-64,24750,19,323,15,age,378,2
2020-08-06,65-74,8508,6,473,23,age,154,12
2020-08-06,75+,7370,6,1187,57,age,147,27
2020-08-06,Female,67531,52,967,47,sex,1049,26
2020-08-06,Male,62690,48,1112,53,sex,916,16
2020-08-07,American Indian and Alaska Native,1481,2,30,1,race,24,0
2020-08-07,Asian,1647,2,29,1,race,26,0
2020-08-07,Black or African American,23339,24,638,31,race,334,15
2020-08-07,Native Hawaiian or Pacific Islander,243,0,4,0,race,3,0
2020-08-07,White,54495,56,1191,58,race,798,17
2020-08-07,Other,15840,16,145,7,race,193,4
2020-08-07,Hispanic,34605,40,208,11,ethnicity,281,3
2020-08-07,Non-Hispanic,51845,60,1727,89,ethnicity,862,28
2020-08-07,0-17,14815,11,1,0,age,157,0
2020-08-07,18-24,18588,14,3,0,age,237,0
2020-08-07,25-49,58184,44,107,5,age,617,2
2020-08-07,50-64,25077,19,330,15,age,327,7
2020-08-07,65-74,8625,6,480,22,age,117,7
2020-08-07,75+,7460,6,1213,57,age,90,26
2020-08-07,Female,68359,52,991,47,sex,828,24
2020-08-07,Male,63393,48,1129,53,sex,703,17
2020-08-08,American Indian and Alaska Native,1511,2,30,1,race,30,0
2020-08-08,Asian,1676,2,29,1,race,29,0
2020-08-08,Black or African American,23713,24,650,32,race,374,12
2020-08-08,Native Hawaiian or Pacific Islander,245,0,4,0,race,2,0
2020-08-08,White,55330,56,1201,58,race,835,10
2020-08-08,Other,16021,16,147,7,race,181,2
2020-08-08,Hispanic,34957,40,213,11,ethnicity,352,5
2020-08-08,Non-Hispanic,52658,60,1745,89,ethnicity,813,18
2020-08-08,0-17,15050,11,1,0,age,235,0
2020-08-08,18-24,18860,14,3,0,age,272,0
2020-08-08,25-49,58937,44,109,5,age,753,2
2020-08-08,50-64,25452,19,335,16,age,375,5
2020-08-08,65-74,8796,7,486,23,age,171,6
2020-08-08,75+,7602,6,1226,57,age,142,13
2020-08-08,Female,69409,52,1007,47,sex,1050,16
2020-08-08,Male,64288,48,1139,53,sex,895,10
2020-08-09,American Indian and Alaska Native,1526,2,30,1,race,15,0
2020-08-09,Asian,1694,2,29,1,race,18,0
2020-08-09,Black or African American,23982,24,651,31,race,269,1
2020-08-09,Native Hawaiian or Pacific Islander,249,0,4,0,race,4,0
2020-08-09,White,55951,56,1207,58,race,621,6
2020-08-09,Other,16177,16,148,7,race,156,1
2020-08-09,Hispanic,35145,40,214,11,ethnicity,188,1
2020-08-09,Non-Hispanic,53256,60,1752,89,ethnicity,598,7
2020-08-09,0-17,15241,11,1,0,age,191,0
2020-08-09,18-24,19053,14,3,0,age,193,0
2020-08-09,25-49,59472,44,110,5,age,535,1
2020-08-09,50-64,25738,19,336,15,age,286,1
2020-08-09,65-74,8920,7,489,23,age,124,3
2020-08-09,75+,7723,6,1229,57,age,121,3
2020-08-09,Female,70215,52,1011,47,sex,806,4
2020-08-09,Male,64914,48,1143,53,sex,626,4
2020-08-10,American Indian and Alaska Native,1531,2,30,1,race,5,0
2020-08-10,Asian,1704,2,29,1,race,10,0
2020-08-10,Black or African American,24125,24,653,32,race,143,2
2020-08-10,Native Hawaiian or Pacific Islander,250,0,4,0,race,1,0
2020-08-10,White,56249,56,1208,58,race,298,1
2020-08-10,Other,16279,16,149,7,race,102,1
2020-08-10,Hispanic,35270,40,215,11,ethnicity,125,1
2020-08-10,Non-Hispanic,53586,60,1754,89,ethnicity,330,2
2020-08-10,0-17,15307,11,1,0,age,66,0
2020-08-10,18-24,19121,14,3,0,age,68,0
2020-08-10,25-49,59706,44,110,5,age,234,0
2020-08-10,50-64,25868,19,338,16,age,130,2
2020-08-10,65-74,8975,7,489,23,age,55,0
2020-08-10,75+,7796,6,1231,57,age,73,2
2020-08-10,Female,70576,52,1013,47,sex,361,2
2020-08-10,Male,65176,48,1145,53,sex,262,2
2020-08-11,American Indian and Alaska Native,1547,2,30,1,race,16,0
2020-08-11,Asian,1738,2,30,1,race,34,1
2020-08-11,Black or African American,24420,24,663,32,race,295,10
2020-08-11,Native Hawaiian or Pacific Islander,254,0,4,0,race,4,0
2020-08-11,White,56974,56,1222,58,race,725,14
2020-08-11,Other,16439,16,150,7,race,160,1
2020-08-11,Hispanic,35596,40,216,11,ethnicity,326,1
2020-08-11,Non-Hispanic,54372,60,1777,89,ethnicity,786,23
2020-08-11,0-17,15448,11,1,0,age,141,0
2020-08-11,18-24,19267,14,3,0,age,146,0
2020-08-11,25-49,60099,44,111,5,age,393,1
2020-08-11,50-64,26092,19,341,15,age,224,3
2020-08-11,65-74,9048,7,496,23,age,73,7
2020-08-11,75+,7868,6,1252,57,age,72,21
2020-08-11,Female,71160,52,1032,47,sex,584,19
2020-08-11,Male,65633,48,1159,53,sex,457,14
2020-08-12,American Indian and Alaska Native,1551,2,32,1,race,4,2
2020-08-12,Asian,1758,2,30,1,race,20,0
2020-08-12,Black or African American,24702,24,677,32,race,282,14
2020-08-12,Native Hawaiian or Pacific Islander,253,0,4,0,race,-1,0
2020-08-12,White,57667,56,1242,58,race,693,20
2020-08-12,Other,16553,16,151,7,race,114,1
2020-08-12,Hispanic,35904,39,219,11,ethnicity,308,3
2020-08-12,Non-Hispanic,55162,61,1809,89,ethnicity,790,32
2020-08-12,0-17,15549,11,1,0,age,101,0
2020-08-12,18-24,19471,14,3,0,age,204,0
2020-08-12,25-49,60578,44,115,5,age,479,4
2020-08-12,50-64,26315,19,349,16,age,223,8
2020-08-12,65-74,9123,7,501,22,age,75,5
2020-08-12,75+,7954,6,1280,57,age,86,28
2020-08-12,Female,71793,52,1055,47,sex,633,23
2020-08-12,Male,66177,48,1181,53,sex,544,22
2020-08-13,American Indian and Alaska Native,1567,2,32,1,race,16,0
2020-08-13,Asian,1787,2,30,1,race,29,0
2020-08-13,Black or African American,25123,24,683,32,race,421,6
2020-08-13,Native Hawaiian or Pacific Islander,255,0,4,0,race,2,0
2020-08-13,White,58636,56,1266,58,race,969,24
2020-08-13,Other,16771,16,153,7,race,218,2
2020-08-13,Hispanic,36312,39,223,11,ethnicity,408,4
2020-08-13,Non-Hispanic,56165,61,1836,89,ethnicity,1003,27
2020-08-13,0-17,15737,11,1,0,age,188,0
2020-08-13,18-24,19704,14,3,0,age,233,0
2020-08-13,25-49,61258,44,116,5,age,680,1
2020-08-13,50-64,26672,19,353,15,age,357,4
2020-08-13,65-74,9256,7,507,22,age,133,6
2020-08-13,75+,8125,6,1307,57,age,171,27
2020-08-13,Female,72749,52,1067,47,sex,956,12
2020-08-13,Male,66980,48,1207,53,sex,803,26
2020-08-14,American Indian and Alaska Native,1609,2,32,1,race,42,0
2020-08-14,Asian,1811,2,31,1,race,24,1
2020-08-14,Black or African American,25455,24,689,31,race,332,6
2020-08-14,Native Hawaiian or Pacific Islander,254,0,4,0,race,-1,0
2020-08-14,White,59427,56,1283,58,race,791,17
2020-08-14,Other,16937,16,155,7,race,166,2
2020-08-14,Hispanic,36579,39,224,11,ethnicity,267,1
2020-08-14,Non-Hispanic,57083,61,1859,89,ethnicity,918,23
2020-08-14,0-17,15886,11,1,0,age,149,0
2020-08-14,18-24,19908,14,3,0,age,204,0
2020-08-14,25-49,61770,43,116,5,age,512,0
2020-08-14,50-64,26916,19,359,16,age,244,6
2020-08-14,65-74,9364,7,513,22,age,108,6
2020-08-14,75+,8252,6,1321,57,age,127,14
2020-08-14,Female,73490,52,1081,47,sex,741,14
2020-08-14,Male,67569,48,1219,53,sex,589,12
2020-08-15,American Indian and Alaska Native,1635,2,32,1,race,26,0
2020-08-15,Asian,1826,2,31,1,race,15,0
2020-08-15,Black or African American,25772,24,697,31,race,317,8
2020-08-15,Native Hawaiian or Pacific Islander,256,0,4,0,race,2,0
2020-08-15,White,60148,56,1298,59,race,721,15
2020-08-15,Other,17108,16,155,7,race,171,0
2020-08-15,Hispanic,36823,39,226,11,ethnicity,244,2
2020-08-15,Non-Hispanic,57830,61,1877,89,ethnicity,747,18
2020-08-15,0-17,16035,11,1,0,age,149,0
2020-08-15,18-24,20153,14,3,0,age,245,0
2020-08-15,25-49,62374,43,119,5,age,604,3
2020-08-15,50-64,27202,19,361,15,age,286,2
2020-08-15,65-74,9516,7,518,22,age,152,5
2020-08-15,75+,8345,6,1341,57,age,93,20
2020-08-15,Female,74320,52,1103,47,sex,830,22
2020-08-15,Male,68255,48,1227,53,sex,686,8
2020-08-16,American Indian and Alaska Native,1655,2,32,1,race,20,0
2020-08-16,Asian,1845,2,31,1,race,19,0
2020-08-16,Black or African American,25967,24,698,31,race,195,1
2020-08-16,Native Hawaiian or Pacific Islander,258,0,4,0,race,2,0
2020-08-16,White,60684,56,1301,59,race,536,3
2020-08-16,Other,17270,16,155,7,race,162,0
2020-08-16,Hispanic,36922,39,227,11,ethnicity,99,1
2020-08-16,Non-Hispanic,58254,61,1878,89,ethnicity,424,1
2020-08-16,0-17,16153,11,1,0,age,118,0
2020-08-16,18-24,20386,14,3,0,age,233,0
2020-08-16,25-49,62809,43,120,5,age,435,1
2020-08-16,50-64,27458,19,361,15,age,256,0
2020-08-16,65-74,9623,7,519,22,age,107,1
2020-08-16,75+,8440,6,1343,57,age,95,2
2020-08-16,Female,75015,52,1108,47,sex,695,5
2020-08-16,Male,68801,48,1226,53,sex,546,-1
2020-08-17,American Indian and Alaska Native,1667,2,32,1,race,12,0
2020-08-17,Asian,1853,2,31,1,race,8,0
2020-08-17,Black or African American,26083,24,698,31,race,116,0
2020-08-17,Native Hawaiian or Pacific Islander,259,0,4,0,race,1,0
2020-08-17,White,60986,56,1302,59,race,302,1
2020-08-17,Other,17341,16,155,7,race,71,0
2020-08-17,Hispanic,37032,39,227,11,ethnicity,110,0
2020-08-17,Non-Hispanic,58625,61,1879,89,ethnicity,371,1
2020-08-17,0-17,16229,11,1,0,age,76,0
2020-08-17,18-24,20482,14,3,0,age,96,0
2020-08-17,25-49,62974,43,120,5,age,165,0
2020-08-17,50-64,27575,19,361,15,age,117,0
2020-08-17,65-74,9682,7,519,22,age,59,0
2020-08-17,75+,8492,6,1344,57,age,52,1
2020-08-17,Female,75338,52,1109,47,sex,323,1
2020-08-17,Male,69034,48,1226,53,sex,233,0
2020-08-18,American Indian and Alaska Native,1686,2,32,1,race,19,0
2020-08-18,Asian,1878,2,31,1,race,25,0
2020-08-18,Black or African American,26410,24,709,31,race,327,11
2020-08-18,Native Hawaiian or Pacific Islander,262,0,4,0,race,3,0
2020-08-18,White,61831,56,1333,59,race,845,31
2020-08-18,Other,17455,16,160,7,race,114,5
2020-08-18,Hispanic,37337,39,233,11,ethnicity,305,6
2020-08-18,Non-Hispanic,59538,61,1916,89,ethnicity,913,37
2020-08-18,0-17,16374,11,1,0,age,145,0
2020-08-18,18-24,20689,14,3,0,age,207,0
2020-08-18,25-49,63449,43,121,5,age,475,1
2020-08-18,50-64,27803,19,373,16,age,228,12
2020-08-18,65-74,9784,7,534,22,age,102,15
2020-08-18,75+,8600,6,1364,57,age,108,20
2020-08-18,Female,75971,52,1131,47,sex,633,22
2020-08-18,Male,69653,48,1251,53,sex,619,25
2020-08-19,American Indian and Alaska Native,1702,2,32,1,race,16,0
2020-08-19,Asian,1918,2,31,1,race,40,0
2020-08-19,Black or African American,26709,24,718,31,race,299,9
2020-08-19,Native Hawaiian or Pacific Islander,264,0,4,0,race,2,0
2020-08-19,White,62514,56,1356,59,race,683,23
2020-08-19,Other,17588,16,162,7,race,133,2
2020-08-19,Hispanic,37615,38,237,11,ethnicity,278,4
2020-08-19,Non-Hispanic,60373,62,1944,89,ethnicity,835,28
2020-08-19,0-17,16470,11,1,0,age,96,0
2020-08-19,18-24,20933,14,3,0,age,244,0
2020-08-19,25-49,63835,43,122,5,age,386,1
2020-08-19,50-64,28027,19,379,16,age,224,6
2020-08-19,65-74,9881,7,544,22,age,97,10
2020-08-19,75+,8703,6,1382,57,age,103,18
2020-08-19,Female,76606,52,1147,47,sex,635,16
2020-08-19,Male,70161,48,1270,53,sex,508,19
2020-08-20,American Indian and Alaska Native,1727,2,32,1,race,25,0
2020-08-20,Asian,1961,2,32,1,race,43,1
2020-08-20,Black or African American,27072,24,728,31,race,363,10
2020-08-20,Native Hawaiian or Pacific Islander,265,0,4,0,race,1,0
2020-08-20,White,63580,57,1375,59,race,1066,19
2020-08-20,Other,17801,16,164,7,race,213,2
2020-08-20,Hispanic,37944,38,239,11,ethnicity,329,2
2020-08-20,Non-Hispanic,61353,62,1970,89,ethnicity,980,26
2020-08-20,0-17,16653,11,1,0,age,183,0
2020-08-20,18-24,21377,14,3,0,age,444,0
2020-08-20,25-49,64539,43,125,5,age,704,3
2020-08-20,50-64,28362,19,389,16,age,335,10
2020-08-20,65-74,10011,7,553,22,age,130,9
2020-08-20,75+,8875,6,1394,57,age,172,12
2020-08-20,Female,77649,52,1157,47,sex,1043,10
2020-08-20,Male,71076,48,1294,53,sex,915,24
2020-08-21,American Indian and Alaska Native,1753,2,32,1,race,26,0
2020-08-21,Asian,2016,2,32,1,race,55,0
2020-08-21,Black or African American,27467,24,736,31,race,395,8
2020-08-21,Native Hawaiian or Pacific Islander,267,0,4,0,race,2,0
2020-08-21,White,64604,57,1393,59,race,1024,18
2020-08-21,Other,18035,16,165,7,race,234,1
2020-08-21,Hispanic,38319,38,240,11,ethnicity,375,1
2020-08-21,Non-Hispanic,62375,62,1994,89,ethnicity,1022,24
2020-08-21,0-17,16839,11,1,0,age,186,0
2020-08-21,18-24,21928,14,3,0,age,551,0
2020-08-21,25-49,65181,43,126,5,age,642,1
2020-08-21,50-64,28676,19,392,16,age,314,3
2020-08-21,65-74,10183,7,562,23,age,172,9
2020-08-21,75+,9017,6,1410,57,age,142,16
2020-08-21,Female,78722,52,1168,47,sex,1073,11
2020-08-21,Male,71994,48,1312,53,sex,918,18
2020-08-22,American Indian and Alaska Native,1757,2,32,1,race,4,0
2020-08-22,Asian,2058,2,32,1,race,42,0
2020-08-22,Black or African American,27875,24,743,31,race,408,7
2020-08-22,Native Hawaiian or Pacific Islander,267,0,4,0,race,0,0
2020-08-22,White,65498,57,1409,59,race,894,16
2020-08-22,Other,18262,16,168,7,race,227,3
2020-08-22,Hispanic,38619,38,241,11,ethnicity,300,1
2020-08-22,Non-Hispanic,63426,62,2017,89,ethnicity,1051,23
2020-08-22,0-17,16992,11,1,0,age,153,0
2020-08-22,18-24,22405,15,3,0,age,477,0
2020-08-22,25-49,65760,43,126,5,age,579,0
2020-08-22,50-64,28980,19,395,16,age,304,3
2020-08-22,65-74,10297,7,567,23,age,114,5
2020-08-22,75+,9116,6,1428,57,age,99,18
2020-08-22,Female,79646,52,1182,47,sex,924,14
2020-08-22,Male,72788,48,1323,53,sex,794,11
2020-08-23,American Indian and Alaska Native,1776,2,32,1,race,19,0
2020-08-23,Asian,2081,2,32,1,race,23,0
2020-08-23,Black or African American,28061,24,745,31,race,186,2
2020-08-23,Native Hawaiian or Pacific Islander,268,0,4,0,race,1,0
2020-08-23,White,66296,57,1414,59,race,798,5
2020-08-23,Other,18441,16,169,7,race,179,1
2020-08-23,Hispanic,38826,38,243,11,ethnicity,207,2
2020-08-23,Non-Hispanic,63986,62,2021,89,ethnicity,560,4
2020-08-23,0-17,17119,11,1,0,age,127,0
2020-08-23,18-24,22918,15,3,0,age,513,0
2020-08-23,25-49,66173,43,127,5,age,413,1
2020-08-23,50-64,29196,19,396,16,age,216,1
2020-08-23,65-74,10385,7,569,22,age,88,2
2020-08-23,75+,9231,6,1434,57,age,115,6
2020-08-23,Female,80482,52,1190,47,sex,836,8
2020-08-23,Male,73395,48,1325,53,sex,607,2
2020-08-24,American Indian and Alaska Native,1792,2,32,1,race,16,0
2020-08-24,Asian,2105,2,32,1,race,24,0
2020-08-24,Black or African American,28202,24,747,31,race,141,2
2020-08-24,Native Hawaiian or Pacific Islander,267,0,4,0,race,-1,0
2020-08-24,White,66827,57,1416,59,race,531,2
2020-08-24,Other,18671,16,169,7,race,230,0
2020-08-24,Hispanic,38934,38,244,11,ethnicity,108,1
2020-08-24,Non-Hispanic,64424,62,2024,89,ethnicity,438,3
2020-08-24,0-17,17267,11,1,0,age,148,0
2020-08-24,18-24,23309,15,3,0,age,391,0
2020-08-24,25-49,66571,43,128,5,age,398,1
2020-08-24,50-64,29381,19,397,16,age,185,1
2020-08-24,65-74,10479,7,571,23,age,94,2
2020-08-24,75+,9298,6,1434,57,age,67,0
2020-08-24,Female,81150,52,1192,47,sex,668,2
2020-08-24,Male,74008,48,1327,53,sex,613,2
2020-08-25,American Indian and Alaska Native,1803,2,34,1,race,11,2
2020-08-25,Asian,2149,2,33,1,race,44,1
2020-08-25,Black or African American,28552,24,754,31,race,350,7
2020-08-25,Native Hawaiian or Pacific Islander,268,0,4,0,race,1,0
2020-08-25,White,67639,57,1437,59,race,812,21
2020-08-25,Other,18830,16,171,7,race,159,2
2020-08-25,Hispanic,39241,38,247,11,ethnicity,307,3
2020-08-25,Non-Hispanic,65336,62,2049,89,ethnicity,912,25
2020-08-25,0-17,17397,11,1,0,age,130,0
2020-08-25,18-24,23711,15,3,0,age,402,0
2020-08-25,25-49,67042,43,128,5,age,471,0
2020-08-25,50-64,29569,19,403,16,age,188,6
2020-08-25,65-74,10561,7,579,23,age,82,8
2020-08-25,75+,9368,6,1455,57,age,70,21
2020-08-25,Female,81849,52,1211,47,sex,699,19
2020-08-25,Male,74623,48,1343,53,sex,615,16
2020-08-26,American Indian and Alaska Native,1824,2,34,1,race,21,0
2020-08-26,Asian,2179,2,33,1,race,30,0
2020-08-26,Black or African American,28857,24,765,31,race,305,11
2020-08-26,Native Hawaiian or Pacific Islander,270,0,4,0,race,2,0
2020-08-26,White,68434,57,1457,59,race,795,20
2020-08-26,Other,19025,16,173,7,race,195,2
2020-08-26,Hispanic,39534,37,248,11,ethnicity,293,1
2020-08-26,Non-Hispanic,66254,63,2080,89,ethnicity,918,31
2020-08-26,0-17,17521,11,1,0,age,124,0
2020-08-26,18-24,24078,15,3,0,age,367,0
2020-08-26,25-49,67420,42,128,5,age,378,0
2020-08-26,50-64,29785,19,409,16,age,216,6
2020-08-26,65-74,10647,7,585,22,age,86,6
2020-08-26,75+,9444,6,1479,57,age,76,24
2020-08-26,Female,82516,52,1233,48,sex,667,22
2020-08-26,Male,75199,48,1357,52,sex,576,14
2020-08-27,American Indian and Alaska Native,1871,2,34,1,race,47,0
2020-08-27,Asian,2220,2,33,1,race,41,0
2020-08-27,Black or African American,29238,24,768,31,race,381,3
2020-08-27,Native Hawaiian or Pacific Islander,271,0,4,0,race,1,0
2020-08-27,White,69464,57,1474,59,race,1030,17
2020-08-27,Other,19348,16,176,7,race,323,3
2020-08-27,Hispanic,39830,37,252,11,ethnicity,296,4
2020-08-27,Non-Hispanic,67161,63,2098,89,ethnicity,907,18
2020-08-27,0-17,17725,11,1,0,age,204,0
2020-08-27,18-24,24669,15,3,0,age,591,0
2020-08-27,25-49,68069,42,128,5,age,649,0
2020-08-27,50-64,30145,19,414,16,age,360,5
2020-08-27,65-74,10801,7,593,23,age,154,8
2020-08-27,75+,9575,6,1490,57,age,131,11
2020-08-27,Female,83653,52,1246,48,sex,1137,13
2020-08-27,Male,76144,48,1368,52,sex,945,11
2020-08-28,American Indian and Alaska Native,1903,2,35,1,race,32,1
2020-08-28,Asian,2244,2,33,1,race,24,0
2020-08-28,Black or African American,29533,24,772,31,race,295,4
2020-08-28,Native Hawaiian or Pacific Islander,272,0,4,0,race,1,0
2020-08-28,White,70320,57,1486,59,race,856,12
2020-08-28,Other,19581,16,178,7,race,233,2
2020-08-28,Hispanic,40077,37,254,11,ethnicity,247,2
2020-08-28,Non-Hispanic,68073,63,2112,89,ethnicity,912,14
2020-08-28,0-17,17862,11,1,0,age,137,0
2020-08-28,18-24,25062,15,3,0,age,393,0
2020-08-28,25-49,68499,42,129,5,age,430,1
2020-08-28,50-64,30388,19,417,16,age,243,3
2020-08-28,65-74,10913,7,600,23,age,112,7
2020-08-28,75+,9675,6,1501,57,age,100,11
2020-08-28,Female,84400,52,1256,48,sex,747,10
2020-08-28,Male,76807,48,1379,52,sex,663,11
2020-08-29,American Indian and Alaska Native,1953,2,35,1,race,50,0
2020-08-29,Asian,2287,2,33,1,race,43,0
2020-08-29,Black or African American,29903,24,782,31,race,370,10
2020-08-29,Native Hawaiian or Pacific Islander,269,0,4,0,race,-3,0
2020-08-29,White,71534,57,1505,59,race,1214,19
2020-08-29,Other,19966,16,181,7,race,385,3
2020-08-29,Hispanic,40369,37,256,11,ethnicity,292,2
2020-08-29,Non-Hispanic,68858,63,2138,89,ethnicity,785,26
2020-08-29,0-17,18113,11,1,0,age,251,0
2020-08-29,18-24,25738,16,3,0,age,676,0
2020-08-29,25-49,69370,42,129,5,age,871,0
2020-08-29,50-64,30840,19,422,16,age,452,5
2020-08-29,65-74,11095,7,604,23,age,182,4
2020-08-29,75+,9827,6,1522,57,age,152,21
2020-08-29,Female,85721,52,1272,48,sex,1321,16
2020-08-29,Male,78063,48,1393,52,sex,1256,14
2020-08-30,American Indian and Alaska Native,1960,2,35,1,race,7,0
2020-08-30,Asian,2309,2,33,1,race,22,0
2020-08-30,Black or African American,30056,24,785,31,race,153,3
2020-08-30,Native Hawaiian or Pacific Islander,271,0,4,0,race,2,0
2020-08-30,White,71976,57,1510,59,race,442,5
2020-08-30,Other,20125,16,182,7,race,159,1
2020-08-30,Hispanic,40459,37,257,11,ethnicity,90,1
2020-08-30,Non-Hispanic,69287,63,2146,89,ethnicity,429,8
2020-08-30,0-17,18202,11,1,0,age,89,0
2020-08-30,18-24,26080,16,3,0,age,342,0
2020-08-30,25-49,69679,42,130,5,age,309,1
2020-08-30,50-64,31009,19,422,16,age,169,0
2020-08-30,65-74,11164,7,605,22,age,69,1
2020-08-30,75+,9898,6,1529,57,age,71,7
2020-08-30,Female,86244,52,1276,48,sex,523,4
2020-08-30,Male,78590,48,1398,52,sex,527,5
2020-08-31,American Indian and Alaska Native,1990,2,35,1,race,30,0
2020-08-31,Asian,2328,2,33,1,race,19,0
2020-08-31,Black or African American,30275,24,790,31,race,219,5
2020-08-31,Native Hawaiian or Pacific Islander,271,0,4,0,race,0,0
2020-08-31,White,72444,57,1515,59,race,468,5
2020-08-31,Other,20262,16,182,7,race,137,0
2020-08-31,Hispanic,40579,37,257,11,ethnicity,120,0
2020-08-31,Non-Hispanic,69695,63,2156,89,ethnicity,408,10
2020-08-31,0-17,18358,11,1,0,age,156,0
2020-08-31,18-24,26370,16,3,0,age,290,0
2020-08-31,25-49,70098,42,130,5,age,419,0
2020-08-31,50-64,31175,19,423,16,age,166,1
2020-08-31,65-74,11262,7,612,23,age,98,7
2020-08-31,75+,9956,6,1531,57,age,58,2
2020-08-31,Female,86834,52,1279,48,sex,590,3
2020-08-31,Male,79180,48,1405,52,sex,590,7
2020-09-01,American Indian and Alaska Native,2048,2,35,1,race,58,0
2020-09-01,Asian,2401,2,34,1,race,73,1
2020-09-01,Black or African American,30696,24,800,31,race,421,10
2020-09-01,Native Hawaiian or Pacific Islander,271,0,4,0,race,0,0
2020-09-01,White,73546,57,1542,59,race,1102,27
2020-09-01,Other,20450,16,184,7,race,188,2
2020-09-01,Hispanic,40871,37,259,11,ethnicity,292,2
2020-09-01,Non-Hispanic,70623,63,2192,89,ethnicity,928,36
2020-09-01,0-17,18558,11,1,0,age,200,0
2020-09-01,18-24,26937,16,3,0,age,567,0
2020-09-01,25-49,70836,42,131,5,age,738,1
2020-09-01,50-64,31524,19,425,16,age,349,2
2020-09-01,65-74,11401,7,619,23,age,139,7
2020-09-01,75+,10074,6,1561,57,age,118,30
2020-09-01,Female,87905,52,1297,48,sex,1071,18
2020-09-01,Male,80203,48,1427,52,sex,1023,22
2020-09-02,American Indian and Alaska Native,2053,2,36,1,race,5,1
2020-09-02,Asian,2442,2,34,1,race,41,0
2020-09-02,Black or African American,30995,24,812,31,race,299,12
2020-09-02,Native Hawaiian or Pacific Islander,273,0,4,0,race,2,0
2020-09-02,White,74290,57,1566,59,race,744,24
2020-09-02,Other,20619,16,191,7,race,169,7
2020-09-02,Hispanic,41182,37,270,11,ethnicity,311,11
2020-09-02,Non-Hispanic,71528,63,2228,89,ethnicity,905,36
2020-09-02,0-17,18645,11,1,0,age,87,0
2020-09-02,18-24,27234,16,3,0,age,297,0
2020-09-02,25-49,71223,42,133,5,age,387,2
2020-09-02,50-64,31721,19,431,16,age,197,6
2020-09-02,65-74,11487,7,629,23,age,86,10
2020-09-02,75+,10154,6,1581,57,age,80,20
2020-09-02,Female,88503,52,1316,48,sex,598,19
2020-09-02,Male,80742,48,1447,52,sex,539,20
2020-09-03,American Indian and Alaska Native,2064,2,36,1,race,11,0
2020-09-03,Asian,2485,2,35,1,race,43,1
2020-09-03,Black or African American,31349,24,822,31,race,354,10
2020-09-03,Native Hawaiian or Pacific Islander,276,0,4,0,race,3,0
2020-09-03,White,75215,57,1579,59,race,925,13
2020-09-03,Other,20888,16,191,7,race,269,0
2020-09-03,Hispanic,41495,36,270,11,ethnicity,313,0
2020-09-03,Non-Hispanic,72401,64,2248,89,ethnicity,873,20
2020-09-03,0-17,18801,11,1,0,age,156,0
2020-09-03,18-24,27658,16,3,0,age,424,0
2020-09-03,25-49,71772,42,136,5,age,549,3
2020-09-03,50-64,32031,19,435,16,age,310,4
2020-09-03,65-74,11606,7,635,23,age,119,6
2020-09-03,75+,10254,6,1593,57,age,100,12
2020-09-03,Female,89394,52,1327,48,sex,891,11
2020-09-03,Male,81495,48,1461,52,sex,753,14
2020-09-04,American Indian and Alaska Native,2064,2,36,1,race,0,0
2020-09-04,Asian,2485,2,35,1,race,0,0
2020-09-04,Black or African American,31349,24,822,31,race,0,0
2020-09-04,Native Hawaiian or Pacific Islander,276,0,4,0,race,0,0
2020-09-04,White,75215,57,1579,59,race,0,0
2020-09-04,Other,20888,16,191,7,race,0,0
2020-09-04,Hispanic,41495,36,270,11,ethnicity,0,0
2020-09-04,Non-Hispanic,72401,64,2248,89,ethnicity,0,0
2020-09-04,0-17,18801,11,1,0,age,0,0
2020-09-04,18-24,27658,16,3,0,age,0,0
2020-09-04,25-49,71772,42,136,5,age,0,0
2020-09-04,50-64,32031,19,435,16,age,0,0
2020-09-04,65-74,11606,7,635,23,age,0,0
2020-09-04,75+,10254,6,1593,57,age,0,0
2020-09-04,Female,89394,52,1327,48,sex,0,0
2020-09-04,Male,81495,48,1461,52,sex,0,0
2020-09-05,American Indian and Alaska Native,2131,2,37,1,race,67,1
2020-09-05,Asian,2575,2,35,1,race,90,0
2020-09-05,Black or African American,32011,24,845,31,race,662,23
2020-09-05,Native Hawaiian or Pacific Islander,276,0,4,0,race,0,0
2020-09-05,White,77204,57,1633,59,race,1989,54
2020-09-05,Other,21333,16,192,7,race,445,1
2020-09-05,Hispanic,41977,36,270,10,ethnicity,482,0
2020-09-05,Non-Hispanic,74440,64,2308,90,ethnicity,2039,60
2020-09-05,0-17,19189,11,1,0,age,388,0
2020-09-05,18-24,28473,16,3,0,age,815,0
2020-09-05,25-49,72984,42,139,5,age,1212,3
2020-09-05,50-64,32676,19,443,15,age,645,8
2020-09-05,65-74,11874,7,649,22,age,268,14
2020-09-05,75+,10529,6,1654,57,age,275,61
2020-09-05,Female,91223,52,1377,48,sex,1829,50
2020-09-05,Male,83251,48,1497,52,sex,1756,36
2020-09-06,American Indian and Alaska Native,2140,2,37,1,race,9,0
2020-09-06,Asian,2589,2,35,1,race,14,0
2020-09-06,Black or African American,32140,24,845,31,race,129,0
2020-09-06,Native Hawaiian or Pacific Islander,275,0,4,0,race,-1,0
2020-09-06,White,77710,57,1634,59,race,506,1
2020-09-06,Other,21460,16,192,7,race,127,0
2020-09-06,Hispanic,42060,36,270,10,ethnicity,83,0
2020-09-06,Non-Hispanic,74816,64,2309,90,ethnicity,376,1
2020-09-06,0-17,19297,11,1,0,age,108,0
2020-09-06,18-24,28729,16,3,0,age,256,0
2020-09-06,25-49,73360,41,139,5,age,376,0
2020-09-06,50-64,32881,19,443,15,age,205,0
2020-09-06,65-74,11952,7,649,22,age,78,0
2020-09-06,75+,10591,6,1655,57,age,62,1
2020-09-06,Female,91798,52,1377,48,sex,575,0
2020-09-06,Male,83751,48,1498,52,sex,500,1
2020-09-07,American Indian and Alaska Native,2150,2,37,1,race,10,0
2020-09-07,Asian,2606,2,35,1,race,17,0
2020-09-07,Black or African American,32303,24,850,31,race,163,5
2020-09-07,Native Hawaiian or Pacific Islander,274,0,4,0,race,-1,0
2020-09-07,White,78143,57,1636,59,race,433,2
2020-09-07,Other,21573,16,192,7,race,113,0
2020-09-07,Hispanic,42154,36,270,10,ethnicity,94,0
2020-09-07,Non-Hispanic,75142,64,2315,90,ethnicity,326,6
2020-09-07,0-17,19405,11,1,0,age,108,0
2020-09-07,18-24,28966,16,3,0,age,237,0
2020-09-07,25-49,73697,41,139,5,age,337,0
2020-09-07,50-64,33067,19,443,15,age,186,0
2020-09-07,65-74,12012,7,653,23,age,60,4
2020-09-07,75+,10682,6,1658,57,age,91,3
2020-09-07,Female,92379,52,1382,48,sex,581,5
2020-09-07,Male,84178,48,1500,52,sex,427,2
2020-09-08,American Indian and Alaska Native,2166,2,37,1,race,16,0
2020-09-08,Asian,2617,2,35,1,race,11,0
2020-09-08,Black or African American,32423,24,854,31,race,120,4
2020-09-08,Native Hawaiian or Pacific Islander,274,0,4,0,race,0,0
2020-09-08,White,78547,57,1643,59,race,404,7
2020-09-08,Other,21670,16,193,7,race,97,1
2020-09-08,Hispanic,42243,36,270,10,ethnicity,89,0
2020-09-08,Non-Hispanic,75500,64,2326,90,ethnicity,358,11
2020-09-08,0-17,19444,11,1,0,age,39,0
2020-09-08,18-24,29170,16,3,0,age,204,0
2020-09-08,25-49,73946,41,139,5,age,249,0
2020-09-08,50-64,33192,19,445,15,age,125,2
2020-09-08,65-74,12064,7,657,23,age,52,4
2020-09-08,75+,10730,6,1664,57,age,48,6
2020-09-08,Female,92762,52,1387,48,sex,383,5
2020-09-08,Male,84513,48,1507,52,sex,335,7
2020-09-09,American Indian and Alaska Native,2178,2,38,1,race,12,1
2020-09-09,Asian,2649,2,35,1,race,32,0
2020-09-09,Black or African American,32669,24,869,31,race,246,15
2020-09-09,Native Hawaiian or Pacific Islander,273,0,4,0,race,-1,0
2020-09-09,White,79184,57,1674,59,race,637,31
2020-09-09,Other,21765,16,194,7,race,95,1
2020-09-09,Hispanic,42480,36,271,10,ethnicity,237,1
2020-09-09,Non-Hispanic,76301,64,2369,90,ethnicity,801,43
2020-09-09,0-17,19524,11,1,0,age,80,0
2020-09-09,18-24,29341,16,3,0,age,171,0
2020-09-09,25-49,74260,41,140,5,age,314,1
2020-09-09,50-64,33372,19,448,15,age,180,3
2020-09-09,65-74,12144,7,671,23,age,80,14
2020-09-09,75+,10800,6,1695,57,age,70,31
2020-09-09,Female,93242,52,1409,48,sex,480,22
2020-09-09,Male,84931,48,1534,52,sex,418,27
2020-09-10,American Indian and Alaska Native,2198,2,40,1,race,20,2
2020-09-10,Asian,2679,2,36,1,race,30,1
2020-09-10,Black or African American,33010,24,876,31,race,341,7
2020-09-10,Native Hawaiian or Pacific Islander,273,0,4,0,race,0,0
2020-09-10,White,80051,57,1690,59,race,867,16
2020-09-10,Other,21948,16,196,7,race,183,2
2020-09-10,Hispanic,42750,36,272,10,ethnicity,270,1
2020-09-10,Non-Hispanic,77311,64,2394,90,ethnicity,1010,25
2020-09-10,0-17,19642,11,1,0,age,118,0
2020-09-10,18-24,29562,16,3,0,age,221,0
2020-09-10,25-49,74707,41,143,5,age,447,3
2020-09-10,50-64,33607,19,452,15,age,235,4
2020-09-10,65-74,12265,7,679,23,age,121,8
2020-09-10,75+,10881,6,1712,57,age,81,17
2020-09-10,Female,93905,52,1418,48,sex,663,9
2020-09-10,Male,85492,48,1557,52,sex,561,23
2020-09-11,American Indian and Alaska Native,2224,2,40,1,race,26,0
2020-09-11,Asian,2728,2,37,1,race,49,1
2020-09-11,Black or African American,33364,24,886,31,race,354,10
2020-09-11,Native Hawaiian or Pacific Islander,275,0,4,0,race,2,0
2020-09-11,White,80946,57,1710,60,race,895,20
2020-09-11,Other,22145,16,196,7,race,197,0
2020-09-11,Hispanic,43005,35,272,10,ethnicity,255,0
2020-09-11,Non-Hispanic,78230,65,2421,90,ethnicity,919,27
2020-09-11,0-17,19816,11,1,0,age,174,0
2020-09-11,18-24,29818,16,3,0,age,256,0
2020-09-11,25-49,75234,41,146,5,age,527,3
2020-09-11,50-64,33927,19,455,15,age,320,3
2020-09-11,65-74,12389,7,694,23,age,124,15
2020-09-11,75+,11010,6,1724,57,age,129,12
2020-09-11,Female,94731,52,1435,48,sex,826,17
2020-09-11,Male,86174,48,1573,52,sex,682,16
2020-09-12,American Indian and Alaska Native,2248,2,40,1,race,24,0
2020-09-12,Asian,2756,2,39,1,race,28,2
2020-09-12,Black or African American,33654,24,892,31,race,290,6
2020-09-12,Native Hawaiian or Pacific Islander,279,0,4,0,race,4,0
2020-09-12,White,81733,57,1724,60,race,787,14
2020-09-12,Other,22322,16,197,7,race,177,1
2020-09-12,Hispanic,43234,35,272,10,ethnicity,229,0
2020-09-12,Non-Hispanic,79100,65,2446,90,ethnicity,870,25
2020-09-12,0-17,19952,11,1,0,age,136,0
2020-09-12,18-24,30116,16,3,0,age,298,0
2020-09-12,25-49,75765,41,146,5,age,531,0
2020-09-12,50-64,34214,19,457,15,age,287,2
2020-09-12,65-74,12505,7,701,23,age,116,7
2020-09-12,75+,11105,6,1739,57,age,95,15
2020-09-12,Female,95454,52,1445,48,sex,723,10
2020-09-12,Male,86911,48,1587,52,sex,737,14
2020-09-13,American Indian and Alaska Native,2272,2,40,1,race,24,0
2020-09-13,Asian,2772,2,39,1,race,16,0
2020-09-13,Black or African American,33838,24,894,31,race,184,2
2020-09-13,Native Hawaiian or Pacific Islander,281,0,4,0,race,2,0
2020-09-13,White,82264,57,1726,60,race,531,2
2020-09-13,Other,22484,16,197,7,race,162,0
2020-09-13,Hispanic,43339,35,272,10,ethnicity,105,0
2020-09-13,Non-Hispanic,79553,65,2451,90,ethnicity,453,5
2020-09-13,0-17,20063,11,1,0,age,111,0
2020-09-13,18-24,30322,16,3,0,age,206,0
2020-09-13,25-49,76215,41,146,5,age,450,0
2020-09-13,50-64,34438,19,457,15,age,224,0
2020-09-13,65-74,12597,7,702,23,age,92,1
2020-09-13,75+,11218,6,1743,57,age,113,4
2020-09-13,Female,96095,52,1447,48,sex,641,2
2020-09-13,Male,87452,48,1590,52,sex,541,3
2020-09-14,American Indian and Alaska Native,2282,2,40,1,race,10,0
2020-09-14,Asian,2779,2,39,1,race,7,0
2020-09-14,Black or African American,33983,24,896,31,race,145,2
2020-09-14,Native Hawaiian or Pacific Islander,281,0,4,0,race,0,0
2020-09-14,White,82640,57,1730,59,race,376,4
2020-09-14,Other,22591,16,199,7,race,107,2
2020-09-14,Hispanic,43412,35,274,10,ethnicity,73,2
2020-09-14,Non-Hispanic,79934,65,2456,90,ethnicity,381,5
2020-09-14,0-17,20144,11,1,0,age,81,0
2020-09-14,18-24,30480,16,3,0,age,158,0
2020-09-14,25-49,76525,41,146,5,age,310,0
2020-09-14,50-64,34595,19,458,15,age,157,1
2020-09-14,65-74,12679,7,704,23,age,82,2
2020-09-14,75+,11271,6,1748,57,age,53,5
2020-09-14,Female,96551,52,1451,48,sex,456,4
2020-09-14,Male,87821,48,1594,52,sex,369,4
2020-09-15,American Indian and Alaska Native,2302,2,40,1,race,20,0
2020-09-15,Asian,2810,2,40,1,race,31,1
2020-09-15,Black or African American,34264,24,905,31,race,281,9
2020-09-15,Native Hawaiian or Pacific Islander,284,0,4,0,race,3,0
2020-09-15,White,83390,57,1767,60,race,750,37
2020-09-15,Other,22722,16,201,7,race,131,2
2020-09-15,Hispanic,43638,35,276,10,ethnicity,226,2
2020-09-15,Non-Hispanic,80688,65,2494,90,ethnicity,754,38
2020-09-15,0-17,20233,11,1,0,age,89,0
2020-09-15,18-24,30712,16,3,0,age,232,0
2020-09-15,25-49,76901,41,148,5,age,376,2
2020-09-15,50-64,34834,19,462,15,age,239,4
2020-09-15,65-74,12774,7,711,23,age,95,7
2020-09-15,75+,11353,6,1786,57,age,82,38
2020-09-15,Female,97152,52,1478,48,sex,601,27
2020-09-15,Male,88327,48,1618,52,sex,506,24
2020-09-16,American Indian and Alaska Native,2315,2,41,1,race,13,1
2020-09-16,Asian,2827,2,40,1,race,17,0
2020-09-16,Black or African American,34538,23,912,30,race,274,7
2020-09-16,Native Hawaiian or Pacific Islander,291,0,4,0,race,7,0
2020-09-16,White,84156,57,1795,60,race,766,28
2020-09-16,Other,22873,16,203,7,race,151,2
2020-09-16,Hispanic,43888,35,279,10,ethnicity,250,3
2020-09-16,Non-Hispanic,81487,65,2524,90,ethnicity,799,30
2020-09-16,0-17,20338,11,1,0,age,105,0
2020-09-16,18-24,30909,16,3,0,age,197,0
2020-09-16,25-49,77287,41,148,5,age,386,0
2020-09-16,50-64,35098,19,466,15,age,264,4
2020-09-16,65-74,12892,7,720,23,age,118,9
2020-09-16,75+,11435,6,1811,58,age,82,25
2020-09-16,Female,97770,52,1493,48,sex,618,15
2020-09-16,Male,88846,48,1641,52,sex,519,23
2020-09-17,American Indian and Alaska Native,2356,2,43,1,race,41,2
2020-09-17,Asian,2852,2,41,1,race,25,1
2020-09-17,Black or African American,34827,23,925,31,race,289,13
2020-09-17,Native Hawaiian or Pacific Islander,293,0,4,0,race,2,0
2020-09-17,White,84957,57,1809,60,race,801,14
2020-09-17,Other,23041,16,204,7,race,168,1
2020-09-17,Hispanic,44131,35,281,10,ethnicity,243,2
2020-09-17,Non-Hispanic,82275,65,2546,90,ethnicity,788,22
2020-09-17,0-17,20472,11,1,0,age,134,0
2020-09-17,18-24,31170,16,3,0,age,261,0
2020-09-17,25-49,77852,41,149,5,age,565,1
2020-09-17,50-64,35424,19,471,15,age,326,5
2020-09-17,65-74,13041,7,732,23,age,149,12
2020-09-17,75+,11566,6,1824,57,age,131,13
2020-09-17,Female,98577,52,1509,48,sex,807,16
2020-09-17,Male,89574,48,1656,52,sex,728,15
2020-09-18,American Indian and Alaska Native,2376,2,44,1,race,20,1
2020-09-18,Asian,2883,2,41,1,race,31,0
2020-09-18,Black or African American,35178,23,933,31,race,351,8
2020-09-18,Native Hawaiian or Pacific Islander,293,0,4,0,race,0,0
2020-09-18,White,85824,57,1826,60,race,867,17
2020-09-18,Other,23203,15,205,7,race,162,1
2020-09-18,Hispanic,44352,35,282,10,ethnicity,221,1
2020-09-18,Non-Hispanic,83138,65,2567,90,ethnicity,863,21
2020-09-18,0-17,20626,11,1,0,age,154,0
2020-09-18,18-24,31447,16,3,0,age,277,0
2020-09-18,25-49,78391,41,150,5,age,539,1
2020-09-18,50-64,35699,19,481,15,age,275,10
2020-09-18,65-74,13152,7,738,23,age,111,6
2020-09-18,75+,11671,6,1834,57,age,105,10
2020-09-18,Female,99363,52,1525,48,sex,786,16
2020-09-18,Male,90239,48,1667,52,sex,665,11
2020-09-19,American Indian and Alaska Native,2389,2,44,1,race,13,0
2020-09-19,Asian,2906,2,41,1,race,23,0
2020-09-19,Black or African American,35482,24,941,31,race,304,8
2020-09-19,Native Hawaiian or Pacific Islander,295,0,4,0,race,2,0
2020-09-19,White,86535,57,1843,60,race,711,17
2020-09-19,Other,23317,15,207,7,race,114,2
2020-09-19,Hispanic,44575,35,284,10,ethnicity,223,2
2020-09-19,Non-Hispanic,83921,65,2589,90,ethnicity,783,22
2020-09-19,0-17,20750,11,1,0,age,124,0
2020-09-19,18-24,31692,16,3,0,age,245,0
2020-09-19,25-49,78838,41,152,5,age,447,2
2020-09-19,50-64,35950,19,482,15,age,251,1
2020-09-19,65-74,13239,7,745,23,age,87,7
2020-09-19,75+,11755,6,1852,57,age,84,18
2020-09-19,Female,100071,52,1538,48,sex,708,13
2020-09-19,Male,90815,48,1682,52,sex,576,15
2020-09-20,American Indian and Alaska Native,2403,2,44,1,race,14,0
2020-09-20,Asian,2931,2,41,1,race,25,0
2020-09-20,Black or African American,35668,23,940,30,race,186,-1
2020-09-20,Native Hawaiian or Pacific Islander,295,0,4,0,race,0,0
2020-09-20,White,87065,57,1850,60,race,530,7
2020-09-20,Other,23457,15,209,7,race,140,2
2020-09-20,Hispanic,44653,35,286,10,ethnicity,78,2
2020-09-20,Non-Hispanic,84288,65,2595,90,ethnicity,367,6
2020-09-20,0-17,20844,11,1,0,age,94,0
2020-09-20,18-24,31934,16,3,0,age,242,0
2020-09-20,25-49,79336,41,153,5,age,498,1
2020-09-20,50-64,36189,19,483,15,age,239,1
2020-09-20,65-74,13367,7,746,23,age,128,1
2020-09-20,75+,11886,6,1857,57,age,131,5
2020-09-20,Female,100778,52,1543,48,sex,707,5
2020-09-20,Male,91428,48,1685,52,sex,613,3
2020-09-21,American Indian and Alaska Native,2408,2,44,1,race,5,0
2020-09-21,Asian,2949,2,41,1,race,18,0
2020-09-21,Black or African American,35769,23,941,30,race,101,1
2020-09-21,Native Hawaiian or Pacific Islander,295,0,4,0,race,0,0
2020-09-21,White,87430,57,1852,60,race,365,2
2020-09-21,Other,23551,15,210,7,race,94,1
2020-09-21,Hispanic,44748,35,287,10,ethnicity,95,1
2020-09-21,Non-Hispanic,84556,65,2598,90,ethnicity,268,3
2020-09-21,0-17,20916,11,1,0,age,72,0
2020-09-21,18-24,32070,17,3,0,age,136,0
2020-09-21,25-49,79686,41,153,5,age,350,0
2020-09-21,50-64,36333,19,483,15,age,144,0
2020-09-21,65-74,13413,7,746,23,age,46,0
2020-09-21,75+,11937,6,1861,57,age,51,4
2020-09-21,Female,101157,52,1546,48,sex,379,3
2020-09-21,Male,91848,48,1686,52,sex,420,1
2020-09-22,American Indian and Alaska Native,2417,2,44,1,race,9,0
2020-09-22,Asian,2975,2,41,1,race,26,0
2020-09-22,Black or African American,36123,24,954,31,race,354,13
2020-09-22,Native Hawaiian or Pacific Islander,298,0,4,0,race,3,0
2020-09-22,White,88190,57,1872,60,race,760,20
2020-09-22,Other,23694,15,211,7,race,143,1
2020-09-22,Hispanic,44954,34,287,10,ethnicity,206,0
2020-09-22,Non-Hispanic,85381,66,2628,90,ethnicity,825,30
2020-09-22,0-17,21031,11,1,0,age,115,0
2020-09-22,18-24,32267,17,3,0,age,197,0
2020-09-22,25-49,80100,41,153,5,age,414,0
2020-09-22,50-64,36564,19,488,15,age,231,5
2020-09-22,65-74,13518,7,754,23,age,105,8
2020-09-22,75+,12042,6,1887,57,age,105,26
2020-09-22,Female,101774,52,1571,48,sex,617,25
2020-09-22,Male,92388,48,1700,52,sex,540,14
2020-09-23,American Indian and Alaska Native,2433,2,44,1,race,16,0
2020-09-23,Asian,3010,2,42,1,race,35,1
2020-09-23,Black or African American,36406,24,962,31,race,283,8
2020-09-23,Native Hawaiian or Pacific Islander,301,0,4,0,race,3,0
2020-09-23,White,88868,57,1890,60,race,678,18
2020-09-23,Other,23796,15,211,7,race,102,0
2020-09-23,Hispanic,45123,34,287,10,ethnicity,169,0
2020-09-23,Non-Hispanic,86256,66,2655,90,ethnicity,875,27
2020-09-23,0-17,21117,11,1,0,age,86,0
2020-09-23,18-24,32449,17,3,0,age,182,0
2020-09-23,25-49,80429,41,153,5,age,329,0
2020-09-23,50-64,36755,19,494,15,age,191,6
2020-09-23,65-74,13609,7,757,23,age,91,3
2020-09-23,75+,12117,6,1908,58,age,75,21
2020-09-23,Female,102274,52,1586,48,sex,500,15
2020-09-23,Male,92839,48,1715,52,sex,451,15
2020-09-24,American Indian and Alaska Native,2460,2,45,1,race,27,1
2020-09-24,Asian,3028,2,42,1,race,18,0
2020-09-24,Black or African American,36726,24,971,30,race,320,9
2020-09-24,Native Hawaiian or Pacific Islander,304,0,4,0,race,3,0
2020-09-24,White,89733,57,1912,60,race,865,22
2020-09-24,Other,23971,15,213,7,race,175,2
2020-09-24,Hispanic,45332,34,288,10,ethnicity,209,1
2020-09-24,Non-Hispanic,87102,66,2685,90,ethnicity,846,30
2020-09-24,0-17,21289,11,1,0,age,172,0
2020-09-24,18-24,32688,16,3,0,age,239,0
2020-09-24,25-49,81116,41,154,5,age,687,1
2020-09-24,50-64,37088,19,494,15,age,333,0
2020-09-24,65-74,13745,7,767,23,age,136,10
2020-09-24,75+,12241,6,1936,58,age,124,28
2020-09-24,Female,103120,52,1604,48,sex,846,18
2020-09-24,Male,93677,48,1737,52,sex,838,22
2020-09-25,American Indian and Alaska Native,2535,2,45,1,race,75,0
2020-09-25,American Indian and Alaska Native,2535,2,45,1,race,0,0
2020-09-25,Asian,3109,2,42,1,race,81,0
2020-09-25,Black or African American,37478,23,979,30,race,752,8
2020-09-25,Native Hawaiian or Pacific Islander,312,0,6,0,race,8,2
2020-09-25,White,93071,58,1954,60,race,3338,42
2020-09-25,Other,24385,15,214,7,race,414,1
2020-09-25,Hispanic,46319,34,292,10,ethnicity,987,4
2020-09-25,Non-Hispanic,90339,66,2732,90,ethnicity,3237,47
2020-09-25,0-17,21984,11,1,0,age,695,0
2020-09-25,18-24,33969,17,3,0,age,1281,0
2020-09-25,25-49,83411,41,157,5,age,2295,3
2020-09-25,50-64,38182,19,504,15,age,1094,10
2020-09-25,65-74,14194,7,777,23,age,449,10
2020-09-25,75+,12558,6,1967,58,age,317,31
2020-09-25,Female,106369,52,1634,48,sex,3249,30
2020-09-25,Male,96449,48,1759,52,sex,2772,22
2020-09-26,American Indian and Alaska Native,2551,2,45,1,race,16,0
2020-09-26,Asian,3146,2,44,1,race,37,2
2020-09-26,Black or African American,37837,23,989,30,race,359,10
2020-09-26,Native Hawaiian or Pacific Islander,312,0,6,0,race,0,0
2020-09-26,White,93991,58,1971,60,race,920,17
2020-09-26,Other,24562,15,217,7,race,177,3
2020-09-26,Hispanic,46536,34,294,10,ethnicity,217,2
2020-09-26,Non-Hispanic,91226,66,2759,90,ethnicity,887,27
2020-09-26,0-17,22173,11,1,0,age,189,0
2020-09-26,18-24,34255,17,3,0,age,286,0
2020-09-26,25-49,84053,41,157,5,age,642,0
2020-09-26,50-64,38523,19,508,15,age,341,4
2020-09-26,65-74,14345,7,782,23,age,151,5
2020-09-26,75+,12705,6,1989,58,age,147,22
2020-09-26,Female,107282,52,1651,48,sex,913,17
2020-09-26,Male,97276,48,1773,52,sex,827,14
2020-09-27,American Indian and Alaska Native,2576,2,45,1,race,25,0
2020-09-27,Asian,3170,2,44,1,race,24,0
2020-09-27,Black or African American,38021,23,989,30,race,184,0
2020-09-27,Native Hawaiian or Pacific Islander,313,0,6,0,race,1,0
2020-09-27,White,94624,58,1973,60,race,633,2
2020-09-27,Other,24677,15,217,7,race,115,0
2020-09-27,Hispanic,46679,34,294,10,ethnicity,143,0
2020-09-27,Non-Hispanic,91642,66,2762,90,ethnicity,416,3
2020-09-27,0-17,22333,11,1,0,age,160,0
2020-09-27,18-24,34436,17,3,0,age,181,0
2020-09-27,25-49,84551,41,157,5,age,498,0
2020-09-27,50-64,38792,19,508,15,age,269,0
2020-09-27,65-74,14442,7,782,23,age,97,0
2020-09-27,75+,12788,6,1990,58,age,83,1
2020-09-27,Female,107980,52,1652,48,sex,698,1
2020-09-27,Male,97866,48,1773,52,sex,590,0
2020-09-28,American Indian and Alaska Native,2586,2,45,1,race,10,0
2020-09-28,Asian,3183,2,44,1,race,13,0
2020-09-28,Black or African American,38149,23,989,30,race,128,0
2020-09-28,Native Hawaiian or Pacific Islander,312,0,6,0,race,-1,0
2020-09-28,White,95031,58,1976,60,race,407,3
2020-09-28,Other,24772,15,218,7,race,95,1
2020-09-28,Hispanic,46736,34,294,10,ethnicity,57,0
2020-09-28,Non-Hispanic,92004,66,2766,90,ethnicity,362,4
2020-09-28,0-17,22422,11,1,0,age,89,0
2020-09-28,18-24,34567,17,3,0,age,131,0
2020-09-28,25-49,84844,41,156,5,age,293,-1
2020-09-28,50-64,38976,19,508,15,age,184,0
2020-09-28,65-74,14525,7,783,23,age,83,1
2020-09-28,75+,12876,6,1994,58,age,88,4
2020-09-28,Female,108460,52,1655,48,sex,480,3
2020-09-28,Male,98255,48,1774,52,sex,389,1
2020-09-29,American Indian and Alaska Native,2600,2,46,1,race,14,1
2020-09-29,Asian,3203,2,44,1,race,20,0
2020-09-29,Black or African American,38429,23,1003,30,race,280,14
2020-09-29,Native Hawaiian or Pacific Islander,313,0,6,0,race,1,0
2020-09-29,White,95832,58,2007,60,race,801,31
2020-09-29,Other,24858,15,221,7,race,86,3
2020-09-29,Hispanic,46958,34,294,9,ethnicity,222,0
2020-09-29,Non-Hispanic,92990,66,2808,91,ethnicity,986,42
2020-09-29,0-17,22472,11,1,0,age,50,0
2020-09-29,18-24,34748,17,4,0,age,181,1
2020-09-29,25-49,85167,41,158,5,age,323,2
2020-09-29,50-64,39168,19,519,15,age,192,11
2020-09-29,65-74,14593,7,795,23,age,68,12
2020-09-29,75+,12955,6,2017,58,age,79,23
2020-09-29,Female,108923,52,1682,48,sex,463,27
2020-09-29,Male,98684,48,1796,52,sex,429,22
2020-09-30,American Indian and Alaska Native,2650,2,47,1,race,50,1
2020-09-30,Asian,3240,2,45,1,race,37,1
2020-09-30,Black or African American,38779,23,1014,30,race,350,11
2020-09-30,Native Hawaiian or Pacific Islander,316,0,6,0,race,3,0
2020-09-30,White,96728,58,2029,60,race,896,22
2020-09-30,Other,24987,15,223,7,race,129,2
2020-09-30,Hispanic,47245,33,295,9,ethnicity,287,1
2020-09-30,Non-Hispanic,93957,67,2840,91,ethnicity,967,32
2020-09-30,0-17,22595,11,1,0,age,123,0
2020-09-30,18-24,34966,17,4,0,age,218,0
2020-09-30,25-49,85760,41,159,5,age,593,1
2020-09-30,50-64,39481,19,527,15,age,313,8
2020-09-30,65-74,14736,7,802,23,age,143,7
2020-09-30,75+,13057,6,2039,58,age,102,22
2020-09-30,Female,109705,52,1698,48,sex,782,16
2020-09-30,Male,99388,48,1818,52,sex,704,22
2020-10-01,American Indian and Alaska Native,2706,2,48,1,race,56,1
2020-10-01,Asian,3279,2,47,1,race,39,2
2020-10-01,Black or African American,39200,23,1032,30,race,421,18
2020-10-01,Native Hawaiian or Pacific Islander,322,0,6,0,race,6,0
2020-10-01,White,97903,58,2050,60,race,1175,21
2020-10-01,Other,25173,15,225,7,race,186,2
2020-10-01,Hispanic,47525,33,295,9,ethnicity,280,0
2020-10-01,Non-Hispanic,95023,67,2879,91,ethnicity,1066,39
2020-10-01,0-17,22817,11,1,0,age,222,0
2020-10-01,18-24,35286,17,4,0,age,320,0
2020-10-01,25-49,86620,41,160,4,age,860,1
2020-10-01,50-64,39969,19,529,15,age,488,2
2020-10-01,65-74,14958,7,812,23,age,222,10
2020-10-01,75+,13228,6,2073,58,age,171,34
2020-10-01,Female,110916,52,1720,48,sex,1211,22
2020-10-01,Male,100508,48,1843,52,sex,1120,25
2020-10-02,American Indian and Alaska Native,2730,2,48,1,race,24,0
2020-10-02,Asian,3305,2,47,1,race,26,0
2020-10-02,Black or African American,39537,23,1040,30,race,337,8
2020-10-02,Native Hawaiian or Pacific Islander,323,0,6,0,race,1,0
2020-10-02,White,98940,58,2070,60,race,1037,20
2020-10-02,Other,25369,15,227,7,race,196,2
2020-10-02,Hispanic,47770,33,297,9,ethnicity,245,2
2020-10-02,Non-Hispanic,96032,67,2899,91,ethnicity,1009,20
2020-10-02,0-17,22995,11,1,0,age,178,0
2020-10-02,18-24,35549,17,4,0,age,263,0
2020-10-02,25-49,87263,41,160,4,age,643,0
2020-10-02,50-64,40336,19,532,15,age,367,3
2020-10-02,65-74,15129,7,822,23,age,171,10
2020-10-02,75+,13382,6,2089,58,age,154,16
2020-10-02,Female,111875,52,1736,48,sex,959,16
2020-10-02,Male,101346,48,1856,52,sex,838,13
2020-10-03,American Indian and Alaska Native,2760,2,48,1,race,30,0
2020-10-03,Asian,3332,2,47,1,race,27,0
2020-10-03,Black or African American,39912,23,1048,30,race,375,8
2020-10-03,Native Hawaiian or Pacific Islander,325,0,6,0,race,2,0
2020-10-03,White,100122,58,2082,60,race,1182,12
2020-10-03,Other,25545,15,226,7,race,176,-1
2020-10-03,Hispanic,47980,33,297,9,ethnicity,210,0
2020-10-03,Non-Hispanic,97154,67,2920,91,ethnicity,1122,21
2020-10-03,0-17,23209,11,1,0,age,214,0
2020-10-03,18-24,35867,17,4,0,age,318,0
2020-10-03,25-49,88071,41,160,4,age,808,0
2020-10-03,50-64,40791,19,535,15,age,455,3
2020-10-03,65-74,15335,7,826,23,age,206,4
2020-10-03,75+,13582,6,2103,58,age,200,14
2020-10-03,Female,113036,52,1746,48,sex,1161,10
2020-10-03,Male,102371,48,1867,52,sex,1025,11
2020-10-04,American Indian and Alaska Native,2778,2,48,1,race,18,0
2020-10-04,Asian,3338,2,47,1,race,6,0
2020-10-04,Black or African American,40008,23,1049,30,race,96,1
2020-10-04,Native Hawaiian or Pacific Islander,325,0,6,0,race,0,0
2020-10-04,White,100535,58,2085,60,race,413,3
2020-10-04,Other,25621,15,227,7,race,76,1
2020-10-04,Hispanic,48055,33,297,9,ethnicity,75,0
2020-10-04,Non-Hispanic,97624,67,2925,91,ethnicity,470,5
2020-10-04,0-17,23264,11,1,0,age,55,0
2020-10-04,18-24,35976,17,4,0,age,109,0
2020-10-04,25-49,88262,41,160,4,age,191,0
2020-10-04,50-64,40912,19,535,15,age,121,0
2020-10-04,65-74,15397,7,828,23,age,62,2
2020-10-04,75+,13653,6,2106,58,age,71,3
2020-10-04,Female,113378,52,1749,48,sex,342,3
2020-10-04,Male,102637,48,1869,52,sex,266,2
2020-10-05,American Indian and Alaska Native,2824,2,48,1,race,46,0
2020-10-05,Asian,3351,2,47,1,race,13,0
2020-10-05,Black or African American,40281,23,1049,30,race,273,0
2020-10-05,Native Hawaiian or Pacific Islander,324,0,6,0,race,-1,0
2020-10-05,White,101444,58,2088,60,race,909,3
2020-10-05,Other,25803,15,227,7,race,182,0
2020-10-05,Hispanic,48215,33,297,9,ethnicity,160,0
2020-10-05,Non-Hispanic,98115,67,2928,91,ethnicity,491,3
2020-10-05,0-17,23510,11,1,0,age,246,0
2020-10-05,18-24,36290,17,4,0,age,314,0
2020-10-05,25-49,89104,41,160,4,age,842,0
2020-10-05,50-64,41436,19,535,15,age,524,0
2020-10-05,65-74,15598,7,829,23,age,201,1
2020-10-05,75+,13784,6,2108,58,age,131,2
2020-10-05,Female,114506,52,1751,48,sex,1128,2
2020-10-05,Male,103769,48,1870,52,sex,1132,1
2020-10-06,American Indian and Alaska Native,2853,2,49,1,race,29,1
2020-10-06,Asian,3366,2,47,1,race,15,0
2020-10-06,Black or African American,40566,23,1061,30,race,285,12
2020-10-06,Native Hawaiian or Pacific Islander,328,0,6,0,race,4,0
2020-10-06,White,102351,58,2110,60,race,907,22
2020-10-06,Other,25953,15,227,6,race,150,0
2020-10-06,Hispanic,48441,33,297,9,ethnicity,226,0
2020-10-06,Non-Hispanic,99118,67,2958,91,ethnicity,1003,30
2020-10-06,0-17,23664,11,1,0,age,154,0
2020-10-06,18-24,36546,17,4,0,age,256,0
2020-10-06,25-49,89621,41,161,4,age,517,1
2020-10-06,50-64,41742,19,536,15,age,306,1
2020-10-06,65-74,15752,7,839,23,age,154,10
2020-10-06,75+,13900,6,2129,58,age,116,21
2020-10-06,Female,115298,52,1774,49,sex,792,23
2020-10-06,Male,104463,48,1880,51,sex,694,10
2020-10-07,American Indian and Alaska Native,2890,2,49,1,race,37,0
2020-10-07,Asian,3397,2,47,1,race,31,0
2020-10-07,Black or African American,40871,23,1068,30,race,305,7
2020-10-07,Native Hawaiian or Pacific Islander,329,0,6,0,race,1,0
2020-10-07,White,103467,58,2121,60,race,1116,11
2020-10-07,Other,26166,15,227,6,race,213,0
2020-10-07,Hispanic,48680,33,297,9,ethnicity,239,0
2020-10-07,Non-Hispanic,100330,67,2975,91,ethnicity,1212,17
2020-10-07,0-17,23824,11,1,0,age,160,0
2020-10-07,18-24,36827,17,4,0,age,281,0
2020-10-07,25-49,90247,40,161,4,age,626,0
2020-10-07,50-64,42094,19,539,15,age,352,3
2020-10-07,65-74,15914,7,842,23,age,162,3
2020-10-07,75+,14027,6,2146,58,age,127,17
2020-10-07,Female,116184,52,1785,49,sex,886,11
2020-10-07,Male,105278,48,1892,51,sex,815,12
2020-10-08,American Indian and Alaska Native,2940,2,50,1,race,50,1
2020-10-08,Asian,3424,2,48,1,race,27,1
2020-10-08,Black or African American,41286,23,1073,30,race,415,5
2020-10-08,Native Hawaiian or Pacific Islander,330,0,6,0,race,1,0
2020-10-08,White,104812,58,2141,60,race,1345,20
2020-10-08,Other,26409,15,227,6,race,243,0
2020-10-08,Hispanic,48976,33,298,9,ethnicity,296,1
2020-10-08,Non-Hispanic,101598,67,2997,91,ethnicity,1268,22
2020-10-08,0-17,24120,11,1,0,age,296,0
2020-10-08,18-24,37174,16,4,0,age,347,0
2020-10-08,25-49,91087,40,162,4,age,840,1
2020-10-08,50-64,42615,19,542,15,age,521,3
2020-10-08,65-74,16141,7,850,23,age,227,8
2020-10-08,75+,14225,6,2163,58,age,198,17
2020-10-08,Female,117481,52,1796,48,sex,1297,11
2020-10-08,Male,106395,48,1908,52,sex,1117,16
2020-10-09,American Indian and Alaska Native,2969,2,51,1,race,29,1
2020-10-09,Asian,3441,2,48,1,race,17,0
2020-10-09,Black or African American,41637,23,1078,30,race,351,5
2020-10-09,Native Hawaiian or Pacific Islander,333,0,7,0,race,3,1
2020-10-09,White,106109,59,2155,60,race,1297,14
2020-10-09,Other,26625,15,229,6,race,216,2
2020-10-09,Hispanic,49238,32,300,9,ethnicity,262,2
2020-10-09,Non-Hispanic,102853,68,3017,91,ethnicity,1255,20
2020-10-09,0-17,24343,11,1,0,age,223,0
2020-10-09,18-24,37484,16,4,0,age,310,0
2020-10-09,25-49,91800,40,164,4,age,713,2
2020-10-09,50-64,43052,19,545,15,age,437,3
2020-10-09,65-74,16350,7,854,23,age,209,4
2020-10-09,75+,14365,6,2179,58,age,140,16
2020-10-09,Female,118521,52,1809,49,sex,1040,13
2020-10-09,Male,107365,48,1920,51,sex,970,12
2020-10-10,American Indian and Alaska Native,2988,2,50,1,race,19,-1
2020-10-10,Asian,3473,2,48,1,race,32,0
2020-10-10,Black or African American,42011,23,1082,30,race,374,4
2020-10-10,Native Hawaiian or Pacific Islander,335,0,7,0,race,2,0
2020-10-10,White,107414,59,2169,61,race,1305,14
2020-10-10,Other,26866,15,229,6,race,241,0
2020-10-10,Hispanic,49585,32,301,9,ethnicity,347,1
2020-10-10,Non-Hispanic,104047,68,3027,91,ethnicity,1194,10
2020-10-10,0-17,24593,11,1,0,age,250,0
2020-10-10,18-24,37800,16,4,0,age,316,0
2020-10-10,25-49,92637,40,164,4,age,837,0
2020-10-10,50-64,43524,19,547,15,age,472,2
2020-10-10,65-74,16585,7,863,23,age,235,9
2020-10-10,75+,14578,6,2186,58,age,213,7
2020-10-10,Female,119766,52,1816,48,sex,1245,7
2020-10-10,Male,108429,48,1931,52,sex,1064,11
2020-10-11,American Indian and Alaska Native,3031,2,50,1,race,43,0
2020-10-11,Asian,3494,2,48,1,race,21,0
2020-10-11,Black or African American,42248,23,1082,30,race,237,0
2020-10-11,Native Hawaiian or Pacific Islander,334,0,7,0,race,-1,0
2020-10-11,White,108194,59,2174,61,race,780,5
2020-10-11,Other,27063,15,229,6,race,197,0
2020-10-11,Hispanic,49712,32,301,9,ethnicity,127,0
2020-10-11,Non-Hispanic,104655,68,3031,91,ethnicity,608,4
2020-10-11,0-17,24789,11,1,0,age,196,0
2020-10-11,18-24,38032,16,4,0,age,232,0
2020-10-11,25-49,93276,40,164,4,age,639,0
2020-10-11,50-64,43898,19,548,15,age,374,1
2020-10-11,65-74,16753,7,864,23,age,168,1
2020-10-11,75+,14698,6,2189,58,age,120,3
2020-10-11,Female,120665,52,1819,48,sex,899,3
2020-10-11,Male,109243,48,1933,52,sex,814,2
2020-10-12,American Indian and Alaska Native,3055,2,50,1,race,24,0
2020-10-12,Asian,3509,2,48,1,race,15,0
2020-10-12,Black or African American,42402,23,1082,30,race,154,0
2020-10-12,Native Hawaiian or Pacific Islander,334,0,7,0,race,0,0
2020-10-12,White,108726,59,2176,61,race,532,2
2020-10-12,Other,27178,15,229,6,race,115,0
2020-10-12,Hispanic,49820,32,303,9,ethnicity,108,2
2020-10-12,Non-Hispanic,105059,68,3032,91,ethnicity,404,1
2020-10-12,0-17,24960,11,1,0,age,171,0
2020-10-12,18-24,38218,16,4,0,age,186,0
2020-10-12,25-49,93708,40,164,4,age,432,0
2020-10-12,50-64,44156,19,549,15,age,258,1
2020-10-12,65-74,16901,7,865,23,age,148,1
2020-10-12,75+,14778,6,2190,58,age,80,1
2020-10-12,Female,121327,52,1820,48,sex,662,1
2020-10-12,Male,109857,48,1935,52,sex,614,2
2020-10-13,American Indian and Alaska Native,3092,2,50,1,race,37,0
2020-10-13,Asian,3546,2,48,1,race,37,0
2020-10-13,Black or African American,42760,23,1100,30,race,358,18
2020-10-13,Native Hawaiian or Pacific Islander,335,0,7,0,race,1,0
2020-10-13,White,109973,59,2194,60,race,1247,18
2020-10-13,Other,27346,15,232,6,race,168,3
2020-10-13,Hispanic,50095,32,305,9,ethnicity,275,2
2020-10-13,Non-Hispanic,106282,68,3062,91,ethnicity,1223,30
2020-10-13,0-17,25132,11,1,0,age,172,0
2020-10-13,18-24,38483,16,4,0,age,265,0
2020-10-13,25-49,94339,40,164,4,age,631,0
2020-10-13,50-64,44553,19,554,15,age,397,5
2020-10-13,65-74,17049,7,873,23,age,148,8
2020-10-13,75+,14897,6,2220,58,age,119,30
2020-10-13,Female,122259,52,1844,49,sex,932,24
2020-10-13,Male,110650,48,1954,51,sex,793,19
2020-10-14,American Indian and Alaska Native,3130,2,50,1,race,38,0
2020-10-14,Asian,3573,2,48,1,race,27,0
2020-10-14,Black or African American,43114,23,1108,30,race,354,8
2020-10-14,Native Hawaiian or Pacific Islander,338,0,7,0,race,3,0
2020-10-14,White,111136,59,2216,60,race,1163,22
2020-10-14,Other,27603,15,235,6,race,257,3
2020-10-14,Hispanic,50410,32,310,9,ethnicity,315,5
2020-10-14,Non-Hispanic,107612,68,3089,91,ethnicity,1330,27
2020-10-14,0-17,25338,11,1,0,age,206,0
2020-10-14,18-24,38760,16,4,0,age,277,0
2020-10-14,25-49,95062,40,167,4,age,723,3
2020-10-14,50-64,44957,19,557,14,age,404,3
2020-10-14,65-74,17229,7,878,23,age,180,5
2020-10-14,75+,15034,6,2249,58,age,137,29
2020-10-14,Female,123257,52,1860,48,sex,998,16
2020-10-14,Male,111557,48,1978,52,sex,907,24
2020-10-15,American Indian and Alaska Native,3186,2,50,1,race,56,0
2020-10-15,Asian,3611,2,48,1,race,38,0
2020-10-15,Black or African American,43555,23,1113,30,race,441,5
2020-10-15,Native Hawaiian or Pacific Islander,339,0,7,0,race,1,0
2020-10-15,White,112543,59,2229,61,race,1407,13
2020-10-15,Other,27823,15,235,6,race,220,0
2020-10-15,Hispanic,50683,32,310,9,ethnicity,273,0
2020-10-15,Non-Hispanic,108946,68,3103,91,ethnicity,1334,14
2020-10-15,0-17,25590,11,1,0,age,252,0
2020-10-15,18-24,39105,16,4,0,age,345,0
2020-10-15,25-49,95992,40,167,4,age,930,0
2020-10-15,50-64,45506,19,559,14,age,549,2
2020-10-15,65-74,17491,7,881,23,age,262,3
2020-10-15,75+,15227,6,2262,58,age,193,13
2020-10-15,Female,124578,52,1869,48,sex,1321,9
2020-10-15,Male,112746,48,1987,52,sex,1189,9
2020-10-16,American Indian and Alaska Native,3225,2,50,1,race,39,0
2020-10-16,Asian,3644,2,49,1,race,33,1
2020-10-16,Black or African American,43996,23,1122,30,race,441,9
2020-10-16,Native Hawaiian or Pacific Islander,344,0,7,0,race,5,0
2020-10-16,White,113996,59,2255,61,race,1453,26
2020-10-16,Other,28079,15,235,6,race,256,0
2020-10-16,Hispanic,51006,32,311,9,ethnicity,323,1
2020-10-16,Non-Hispanic,110279,68,3130,91,ethnicity,1333,27
2020-10-16,0-17,25862,11,1,0,age,272,0
2020-10-16,18-24,39484,16,4,0,age,379,0
2020-10-16,25-49,96910,40,167,4,age,918,0
2020-10-16,50-64,46082,19,560,14,age,576,1
2020-10-16,65-74,17755,7,892,23,age,264,11
2020-10-16,75+,15502,6,2286,58,age,275,24
2020-10-16,Female,125914,52,1888,49,sex,1336,19
2020-10-16,Male,114078,48,2004,51,sex,1332,17
2020-10-17,American Indian and Alaska Native,3251,2,50,1,race,26,0
2020-10-17,Asian,3671,2,49,1,race,27,0
2020-10-17,Black or African American,44401,23,1128,30,race,405,6
2020-10-17,Native Hawaiian or Pacific Islander,344,0,7,0,race,0,0
2020-10-17,White,115163,59,2267,61,race,1167,12
2020-10-17,Other,28291,14,236,6,race,212,1
2020-10-17,Hispanic,51239,31,311,9,ethnicity,233,0
2020-10-17,Non-Hispanic,111440,69,3147,91,ethnicity,1161,17
2020-10-17,0-17,26083,11,1,0,age,221,0
2020-10-17,18-24,39777,16,4,0,age,293,0
2020-10-17,25-49,97688,40,167,4,age,778,0
2020-10-17,50-64,46500,19,561,14,age,418,1
2020-10-17,65-74,17958,7,901,23,age,203,9
2020-10-17,75+,15689,6,2295,58,age,187,9
2020-10-17,Female,126969,52,1900,49,sex,1055,12
2020-10-17,Male,115109,48,2011,51,sex,1031,7
2020-10-18,American Indian and Alaska Native,3287,2,50,1,race,36,0
2020-10-18,Asian,3682,2,49,1,race,11,0
2020-10-18,Black or African American,44769,23,1130,30,race,368,2
2020-10-18,Native Hawaiian or Pacific Islander,344,0,7,0,race,0,0
2020-10-18,White,116228,59,2269,61,race,1065,2
2020-10-18,Other,28541,14,237,6,race,250,1
2020-10-18,Hispanic,51456,31,312,9,ethnicity,217,1
2020-10-18,Non-Hispanic,112352,69,3155,91,ethnicity,912,8
2020-10-18,0-17,26445,11,1,0,age,362,0
2020-10-18,18-24,40066,16,4,0,age,289,0
2020-10-18,25-49,98555,40,168,4,age,867,1
2020-10-18,50-64,46922,19,561,14,age,422,0
2020-10-18,65-74,18134,7,901,23,age,176,0
2020-10-18,75+,15876,6,2299,58,age,187,4
2020-10-18,Female,128210,52,1904,49,sex,1241,4
2020-10-18,Male,116165,48,2012,51,sex,1056,1
2020-10-19,American Indian and Alaska Native,3305,2,50,1,race,18,0
2020-10-19,Asian,3695,2,49,1,race,13,0
2020-10-19,Black or African American,44960,23,1131,30,race,191,1
2020-10-19,Native Hawaiian or Pacific Islander,346,0,7,0,race,2,0
2020-10-19,White,116685,59,2270,61,race,457,1
2020-10-19,Other,28621,14,238,6,race,80,1
2020-10-19,Hispanic,51533,31,313,9,ethnicity,77,1
2020-10-19,Non-Hispanic,112677,69,3158,91,ethnicity,325,3
2020-10-19,0-17,26479,11,1,0,age,34,0
2020-10-19,18-24,40207,16,4,0,age,141,0
2020-10-19,25-49,99000,40,168,4,age,445,0
2020-10-19,50-64,47220,19,561,14,age,298,0
2020-10-19,65-74,18270,7,903,23,age,136,2
2020-10-19,75+,15965,6,2302,58,age,89,3
2020-10-19,Female,128775,52,1906,49,sex,565,2
2020-10-19,Male,116742,48,2015,51,sex,577,3
2020-10-20,American Indian and Alaska Native,3352,2,51,1,race,47,1
2020-10-20,Asian,3721,2,50,1,race,26,1
2020-10-20,Black or African American,45344,23,1144,30,race,384,13
2020-10-20,Native Hawaiian or Pacific Islander,346,0,7,0,race,0,0
2020-10-20,White,117708,59,2303,61,race,1023,33
2020-10-20,Other,28755,14,242,6,race,134,4
2020-10-20,Hispanic,51766,31,315,9,ethnicity,233,2
2020-10-20,Non-Hispanic,113732,69,3206,91,ethnicity,1055,48
2020-10-20,0-17,26636,11,1,0,age,157,0
2020-10-20,18-24,40423,16,4,0,age,216,0
2020-10-20,25-49,99631,40,169,4,age,631,1
2020-10-20,50-64,47550,19,571,14,age,330,10
2020-10-20,65-74,18400,7,915,23,age,130,12
2020-10-20,75+,16077,6,2332,58,age,112,30
2020-10-20,Female,129583,52,1931,49,sex,808,25
2020-10-20,Male,117501,48,2043,51,sex,759,28
2020-10-21,American Indian and Alaska Native,3382,2,54,1,race,30,3
2020-10-21,Asian,3743,2,50,1,race,22,0
2020-10-21,Black or African American,45749,23,1154,30,race,405,10
2020-10-21,Native Hawaiian or Pacific Islander,344,0,7,0,race,-2,0
2020-10-21,White,118893,59,2327,61,race,1185,24
2020-10-21,Other,28933,14,245,6,race,178,3
2020-10-21,Hispanic,52024,31,318,9,ethnicity,258,3
2020-10-21,Non-Hispanic,115028,69,3238,91,ethnicity,1296,32
2020-10-21,0-17,26800,11,1,0,age,164,0
2020-10-21,18-24,40697,16,4,0,age,274,0
2020-10-21,25-49,100352,40,169,4,age,721,0
2020-10-21,50-64,47953,19,576,14,age,403,5
2020-10-21,65-74,18561,7,926,23,age,161,11
2020-10-21,75+,16195,6,2356,58,age,118,24
2020-10-21,Female,130580,52,1950,49,sex,997,19
2020-10-21,Male,118331,48,2064,51,sex,830,21
2020-10-22,American Indian and Alaska Native,3435,2,54,1,race,53,0
2020-10-22,Asian,3761,2,50,1,race,18,0
2020-10-22,Black or African American,46258,23,1167,30,race,509,13
2020-10-22,Native Hawaiian or Pacific Islander,348,0,7,0,race,4,0
2020-10-22,White,120232,59,2359,61,race,1339,32
2020-10-22,Other,29168,14,247,6,race,235,2
2020-10-22,Hispanic,52306,31,320,9,ethnicity,282,2
2020-10-22,Non-Hispanic,116373,69,3271,91,ethnicity,1345,33
2020-10-22,0-17,27057,11,1,0,age,257,0
2020-10-22,18-24,41010,16,4,0,age,313,0
2020-10-22,25-49,101218,40,171,4,age,866,2
2020-10-22,50-64,48474,19,588,14,age,521,12
2020-10-22,65-74,18785,7,937,23,age,224,11
2020-10-22,75+,16414,6,2381,58,age,219,25
2020-10-22,Female,131852,52,1983,49,sex,1272,33
2020-10-22,Male,119446,48,2081,51,sex,1115,17
2020-10-23,American Indian and Alaska Native,3470,2,54,1,race,35,0
2020-10-23,Asian,3779,2,50,1,race,18,0
2020-10-23,Black or African American,46777,23,1177,30,race,519,10
2020-10-23,Native Hawaiian or Pacific Islander,351,0,7,0,race,3,0
2020-10-23,White,121665,59,2377,61,race,1433,18
2020-10-23,Other,29453,14,249,6,race,285,2
2020-10-23,Hispanic,52615,31,322,9,ethnicity,309,2
2020-10-23,Non-Hispanic,117696,69,3296,91,ethnicity,1323,25
2020-10-23,0-17,27379,11,1,0,age,322,0
2020-10-23,18-24,41413,16,4,0,age,403,0
2020-10-23,25-49,102233,40,172,4,age,1015,1
2020-10-23,50-64,49021,19,596,14,age,547,8
2020-10-23,65-74,19012,7,948,23,age,227,11
2020-10-23,75+,16613,6,2393,58,age,199,12
2020-10-23,Female,133322,52,1997,49,sex,1470,14
2020-10-23,Male,120678,48,2099,51,sex,1232,18
2020-10-24,American Indian and Alaska Native,3499,2,56,1,race,29,2
2020-10-24,Asian,3817,2,50,1,race,38,0
2020-10-24,Black or African American,47279,23,1183,30,race,502,6
2020-10-24,Native Hawaiian or Pacific Islander,352,0,7,0,race,1,0
2020-10-24,White,123100,59,2396,61,race,1435,19
2020-10-24,Other,29715,14,249,6,race,262,0
2020-10-24,Hispanic,52887,31,322,9,ethnicity,272,0
2020-10-24,Non-Hispanic,119105,69,3320,91,ethnicity,1409,24
2020-10-24,0-17,27609,11,1,0,age,230,0
2020-10-24,18-24,41745,16,4,0,age,332,0
2020-10-24,25-49,103235,40,172,4,age,1002,0
2020-10-24,50-64,49558,19,599,14,age,537,3
2020-10-24,65-74,19257,7,956,23,age,245,8
2020-10-24,75+,16867,7,2412,58,age,254,19
2020-10-24,Female,134650,52,2011,49,sex,1328,14
2020-10-24,Male,121924,48,2114,51,sex,1246,15
2020-10-25,American Indian and Alaska Native,3520,2,56,1,race,21,0
2020-10-25,Asian,3848,2,50,1,race,31,0
2020-10-25,Black or African American,47548,23,1184,30,race,269,1
2020-10-25,Native Hawaiian or Pacific Islander,351,0,7,0,race,-1,0
2020-10-25,White,123935,59,2408,61,race,835,12
2020-10-25,Other,29899,14,249,6,race,184,0
2020-10-25,Hispanic,53038,31,323,9,ethnicity,151,1
2020-10-25,Non-Hispanic,119848,69,3331,91,ethnicity,743,11
2020-10-25,0-17,27827,11,1,0,age,218,0
2020-10-25,18-24,41976,16,4,0,age,231,0
2020-10-25,25-49,103958,40,172,4,age,723,0
2020-10-25,50-64,49901,19,602,14,age,343,3
2020-10-25,65-74,19406,7,958,23,age,149,2
2020-10-25,75+,17010,7,2420,58,age,143,8
2020-10-25,Female,135653,53,2017,49,sex,1003,6
2020-10-25,Male,122722,47,2121,51,sex,798,7
2020-10-26,American Indian and Alaska Native,3541,2,56,1,race,21,0
2020-10-26,Asian,3866,2,50,1,race,18,0
2020-10-26,Black or African American,47854,23,1188,30,race,306,4
2020-10-26,Native Hawaiian or Pacific Islander,351,0,7,0,race,0,0
2020-10-26,White,124658,59,2416,61,race,723,8
2020-10-26,Other,30055,14,249,6,race,156,0
2020-10-26,Hispanic,53151,31,324,9,ethnicity,113,1
2020-10-26,Non-Hispanic,120388,69,3342,91,ethnicity,540,11
2020-10-26,0-17,28003,11,1,0,age,176,0
2020-10-26,18-24,42192,16,4,0,age,216,0
2020-10-26,25-49,104573,40,172,4,age,615,0
2020-10-26,50-64,50247,19,605,15,age,346,3
2020-10-26,65-74,19542,7,958,23,age,136,0
2020-10-26,75+,17162,7,2430,58,age,152,10
2020-10-26,Female,136567,53,2025,49,sex,914,8
2020-10-26,Male,123442,47,2126,51,sex,720,5
2020-10-27,American Indian and Alaska Native,3606,2,56,1,race,65,0
2020-10-27,Asian,3922,2,50,1,race,56,0
2020-10-27,Black or African American,48296,23,1198,30,race,442,10
2020-10-27,Native Hawaiian or Pacific Islander,353,0,7,0,race,2,0
2020-10-27,White,125972,59,2442,61,race,1314,26
2020-10-27,Other,30250,14,252,6,race,195,3
2020-10-27,Hispanic,53466,31,327,9,ethnicity,315,3
2020-10-27,Non-Hispanic,121823,69,3375,91,ethnicity,1435,33
2020-10-27,0-17,28247,11,1,0,age,244,0
2020-10-27,18-24,42520,16,4,0,age,328,0
2020-10-27,25-49,105347,40,175,4,age,774,3
2020-10-27,50-64,50701,19,607,14,age,454,2
2020-10-27,65-74,19740,7,966,23,age,198,8
2020-10-27,75+,17305,7,2458,58,age,143,28
2020-10-27,Female,137674,53,2047,49,sex,1107,22
2020-10-27,Male,124469,47,2145,51,sex,1027,19
2020-10-28,American Indian and Alaska Native,3637,2,56,1,race,31,0
2020-10-28,Asian,3950,2,50,1,race,28,0
2020-10-28,Black or African American,48692,23,1206,30,race,396,8
2020-10-28,Native Hawaiian or Pacific Islander,354,0,7,0,race,1,0
2020-10-28,White,127308,59,2466,61,race,1336,24
2020-10-28,Other,30503,14,254,6,race,253,2
2020-10-28,Hispanic,53795,30,333,9,ethnicity,329,6
2020-10-28,Non-Hispanic,123271,70,3400,91,ethnicity,1448,25
2020-10-28,0-17,28481,11,1,0,age,234,0
2020-10-28,18-24,42850,16,4,0,age,330,0
2020-10-28,25-49,106248,40,176,4,age,901,1
2020-10-28,50-64,51153,19,611,14,age,452,4
2020-10-28,65-74,19915,7,975,23,age,175,9
2020-10-28,75+,17462,7,2478,58,age,157,20
2020-10-28,Female,138855,53,2061,49,sex,1181,14
2020-10-28,Male,125511,47,2164,51,sex,1042,19
2020-10-29,American Indian and Alaska Native,3680,2,56,1,race,43,0
2020-10-29,Asian,4016,2,50,1,race,66,0
2020-10-29,Black or African American,49227,23,1214,30,race,535,8
2020-10-29,Native Hawaiian or Pacific Islander,356,0,7,0,race,2,0
2020-10-29,White,129054,59,2492,61,race,1746,26
2020-10-29,Other,30783,14,256,6,race,280,2
2020-10-29,Hispanic,54140,30,337,9,ethnicity,345,4
2020-10-29,Non-Hispanic,125007,70,3427,91,ethnicity,1736,27
2020-10-29,0-17,28780,11,1,0,age,299,0
2020-10-29,18-24,43277,16,4,0,age,427,0
2020-10-29,25-49,107368,40,176,4,age,1120,0
2020-10-29,50-64,51719,19,615,14,age,566,4
2020-10-29,65-74,20175,8,984,23,age,260,9
2020-10-29,75+,17675,7,2503,58,age,213,25
2020-10-29,Female,140411,53,2077,49,sex,1556,16
2020-10-29,Male,126836,47,2186,51,sex,1325,22
2020-10-30,American Indian and Alaska Native,3699,2,57,1,race,19,1
2020-10-30,Asian,4050,2,50,1,race,34,0
2020-10-30,Black or African American,49715,23,1218,30,race,488,4
2020-10-30,Native Hawaiian or Pacific Islander,359,0,7,0,race,3,0
2020-10-30,White,130690,60,2531,61,race,1636,39
2020-10-30,Other,31037,14,261,6,race,254,5
2020-10-30,Hispanic,54414,30,342,9,ethnicity,274,5
2020-10-30,Non-Hispanic,126619,70,3467,91,ethnicity,1612,40
2020-10-30,0-17,29113,11,1,0,age,333,0
2020-10-30,18-24,43665,16,4,0,age,388,0
2020-10-30,25-49,108479,40,177,4,age,1111,1
2020-10-30,50-64,52271,19,622,14,age,552,7
2020-10-30,65-74,20430,8,995,23,age,255,11
2020-10-30,75+,17847,7,2533,58,age,172,30
2020-10-30,Female,141840,53,2110,49,sex,1429,33
2020-10-30,Male,128193,47,2202,51,sex,1357,16
2020-10-31,American Indian and Alaska Native,3738,2,58,1,race,39,1
2020-10-31,Asian,4099,2,50,1,race,49,0
2020-10-31,Black or African American,50263,23,1226,29,race,548,8
2020-10-31,Native Hawaiian or Pacific Islander,362,0,7,0,race,3,0
2020-10-31,White,132383,60,2565,61,race,1693,34
2020-10-31,Other,31291,14,266,6,race,254,5
2020-10-31,Hispanic,54792,30,344,9,ethnicity,378,2
2020-10-31,Non-Hispanic,128291,70,3504,91,ethnicity,1672,37
2020-10-31,0-17,29350,11,1,0,age,237,0
2020-10-31,18-24,44053,16,4,0,age,388,0
2020-10-31,25-49,109573,40,177,4,age,1094,0
2020-10-31,50-64,52890,19,627,14,age,619,5
2020-10-31,65-74,20700,8,1006,23,age,270,11
2020-10-31,75+,18042,7,2563,59,age,195,30
2020-10-31,Female,143288,53,2131,49,sex,1448,21
2020-10-31,Male,129548,47,2227,51,sex,1355,25
2020-11-01,American Indian and Alaska Native,3780,2,58,1,race,42,0
2020-11-01,Asian,4123,2,50,1,race,24,0
2020-11-01,Black or African American,50592,23,1228,29,race,329,2
2020-11-01,Native Hawaiian or Pacific Islander,363,0,7,0,race,1,0
2020-11-01,White,133455,60,2567,61,race,1072,2
2020-11-01,Other,31489,14,267,6,race,198,1
2020-11-01,Hispanic,54989,30,344,9,ethnicity,197,0
2020-11-01,Non-Hispanic,129191,70,3509,91,ethnicity,900,5
2020-11-01,0-17,29592,11,1,0,age,242,0
2020-11-01,18-24,44317,16,4,0,age,264,0
2020-11-01,25-49,110382,40,177,4,age,809,0
2020-11-01,50-64,53314,19,628,14,age,424,1
2020-11-01,65-74,20876,8,1008,23,age,176,2
2020-11-01,75+,18182,7,2565,59,age,140,2
2020-11-01,Female,144416,53,2133,49,sex,1128,2
2020-11-01,Male,130474,47,2230,51,sex,926,3
2020-11-02,American Indian and Alaska Native,3792,2,58,1,race,12,0
2020-11-02,Asian,4142,2,50,1,race,19,0
2020-11-02,Black or African American,50808,23,1231,29,race,216,3
2020-11-02,Native Hawaiian or Pacific Islander,364,0,7,0,race,1,0
2020-11-02,White,134124,60,2571,61,race,669,4
2020-11-02,Other,31636,14,267,6,race,147,0
2020-11-02,Hispanic,55135,30,347,9,ethnicity,146,3
2020-11-02,Non-Hispanic,129808,70,3513,91,ethnicity,617,4
2020-11-02,0-17,29738,11,1,0,age,146,0
2020-11-02,18-24,44491,16,4,0,age,174,0
2020-11-02,25-49,110908,40,177,4,age,526,0
2020-11-02,50-64,53610,19,629,14,age,296,1
2020-11-02,65-74,20980,8,1011,23,age,104,3
2020-11-02,75+,18272,7,2568,58,age,90,3
2020-11-02,Female,145109,53,2137,49,sex,693,4
2020-11-02,Male,131111,47,2233,51,sex,637,3
2020-11-03,American Indian and Alaska Native,3805,2,59,1,race,13,1
2020-11-03,Asian,4176,2,50,1,race,34,0
2020-11-03,Black or African American,51301,23,1247,29,race,493,16
2020-11-03,Native Hawaiian or Pacific Islander,365,0,7,0,race,1,0
2020-11-03,White,135591,60,2609,61,race,1467,38
2020-11-03,Other,31806,14,273,6,race,170,6
2020-11-03,Hispanic,55438,30,350,9,ethnicity,303,3
2020-11-03,Non-Hispanic,131338,70,3565,91,ethnicity,1530,52
2020-11-03,0-17,29993,11,1,0,age,255,0
2020-11-03,18-24,44795,16,4,0,age,304,0
2020-11-03,25-49,111821,40,177,4,age,913,0
2020-11-03,50-64,54107,19,638,14,age,497,9
2020-11-03,65-74,21200,8,1026,23,age,220,15
2020-11-03,75+,18432,7,2611,59,age,160,43
2020-11-03,Female,146304,53,2164,49,sex,1195,27
2020-11-03,Male,132262,47,2273,51,sex,1151,40
2020-11-04,American Indian and Alaska Native,3848,2,63,1,race,43,4
2020-11-04,Asian,4221,2,51,1,race,45,1
2020-11-04,Black or African American,51774,23,1260,29,race,473,13
2020-11-04,Native Hawaiian or Pacific Islander,367,0,7,0,race,2,0
2020-11-04,White,137158,60,2643,61,race,1567,34
2020-11-04,Other,32074,14,275,6,race,268,2
2020-11-04,Hispanic,55797,30,354,9,ethnicity,359,4
2020-11-04,Non-Hispanic,132993,70,3604,91,ethnicity,1655,39
2020-11-04,0-17,30293,11,1,0,age,300,0
2020-11-04,18-24,45122,16,4,0,age,327,0
2020-11-04,25-49,112760,40,177,4,age,939,0
2020-11-04,50-64,54634,19,645,14,age,527,7
2020-11-04,65-74,21392,8,1040,23,age,192,14
2020-11-04,75+,18571,7,2640,59,age,139,29
2020-11-04,Female,147621,53,2194,49,sex,1317,30
2020-11-04,Male,133332,47,2294,51,sex,1070,21
2020-11-05,American Indian and Alaska Native,3885,2,65,1,race,37,2
2020-11-05,Asian,4272,2,51,1,race,51,0
2020-11-05,Black or African American,52271,23,1267,29,race,497,7
2020-11-05,Native Hawaiian or Pacific Islander,367,0,7,0,race,0,0
2020-11-05,White,138792,60,2675,62,race,1634,32
2020-11-05,Other,32409,14,275,6,race,335,0
2020-11-05,Hispanic,56123,29,356,9,ethnicity,326,2
2020-11-05,Non-Hispanic,134629,71,3634,91,ethnicity,1636,30
2020-11-05,0-17,30629,11,1,0,age,336,0
2020-11-05,18-24,45468,16,4,0,age,346,0
2020-11-05,25-49,113944,40,177,4,age,1184,0
2020-11-05,50-64,55204,19,649,14,age,570,4
2020-11-05,65-74,21627,8,1047,23,age,235,7
2020-11-05,75+,18754,7,2670,59,age,183,30
2020-11-05,Female,149143,53,2213,49,sex,1522,19
2020-11-05,Male,134662,47,2316,51,sex,1330,22
2020-11-06,American Indian and Alaska Native,3917,2,65,1,race,32,0
2020-11-06,Asian,4323,2,51,1,race,51,0
2020-11-06,Black or African American,52783,23,1272,29,race,512,5
2020-11-06,Native Hawaiian or Pacific Islander,370,0,7,0,race,3,0
2020-11-06,White,140438,60,2702,62,race,1646,27
2020-11-06,Other,32672,14,274,6,race,263,-1
2020-11-06,Hispanic,56457,29,359,9,ethnicity,334,3
2020-11-06,Non-Hispanic,136336,71,3660,91,ethnicity,1707,26
2020-11-06,0-17,31007,11,1,0,age,378,0
2020-11-06,18-24,45908,16,4,0,age,440,0
2020-11-06,25-49,115057,40,179,4,age,1113,2
2020-11-06,50-64,55774,19,654,14,age,570,5
2020-11-06,65-74,21869,8,1053,23,age,242,6
2020-11-06,75+,18916,7,2691,59,age,162,21
2020-11-06,Female,150655,53,2229,49,sex,1512,16
2020-11-06,Male,136045,47,2334,51,sex,1383,18
2020-11-07,American Indian and Alaska Native,3929,2,66,2,race,12,1
2020-11-07,Asian,4368,2,51,1,race,45,0
2020-11-07,Black or African American,53300,22,1277,29,race,517,5
2020-11-07,Native Hawaiian or Pacific Islander,371,0,7,0,race,1,0
2020-11-07,White,142025,60,2716,62,race,1587,14
2020-11-07,Other,32941,14,277,6,race,269,3
2020-11-07,Hispanic,56857,29,362,9,ethnicity,400,3
2020-11-07,Non-Hispanic,138034,71,3676,91,ethnicity,1698,16
2020-11-07,0-17,31333,11,1,0,age,326,0
2020-11-07,18-24,46344,16,4,0,age,436,0
2020-11-07,25-49,116028,40,182,4,age,971,3
2020-11-07,50-64,56299,19,658,14,age,525,4
2020-11-07,65-74,22097,8,1057,23,age,228,4
2020-11-07,75+,19103,7,2703,59,age,187,12
2020-11-07,Female,152066,53,2241,49,sex,1411,12
2020-11-07,Male,137311,47,2345,51,sex,1266,11
2020-11-08,American Indian and Alaska Native,3953,2,66,2,race,24,0
2020-11-08,Asian,4391,2,51,1,race,23,0
2020-11-08,Black or African American,53658,22,1278,29,race,358,1
2020-11-08,Native Hawaiian or Pacific Islander,371,0,7,0,race,0,0
2020-11-08,White,143181,60,2717,62,race,1156,1
2020-11-08,Other,33153,14,277,6,race,212,0
2020-11-08,Hispanic,57053,29,362,9,ethnicity,196,0
2020-11-08,Non-Hispanic,139111,71,3678,91,ethnicity,1077,2
2020-11-08,0-17,31595,11,1,0,age,262,0
2020-11-08,18-24,46686,16,4,0,age,342,0
2020-11-08,25-49,116843,40,182,4,age,815,0
2020-11-08,50-64,56691,19,658,14,age,392,0
2020-11-08,65-74,22275,8,1059,23,age,178,2
2020-11-08,75+,19212,7,2703,59,age,109,0
2020-11-08,Female,153224,53,2243,49,sex,1158,2
2020-11-08,Male,138253,47,2345,51,sex,942,0
2020-11-09,American Indian and Alaska Native,3973,2,66,1,race,20,0
2020-11-09,Asian,4424,2,51,1,race,33,0
2020-11-09,Black or African American,53920,22,1279,29,race,262,1
2020-11-09,Native Hawaiian or Pacific Islander,375,0,7,0,race,4,0
2020-11-09,White,144012,60,2724,62,race,831,7
2020-11-09,Other,33326,14,277,6,race,173,0
2020-11-09,Hispanic,57183,29,363,9,ethnicity,130,1
2020-11-09,Non-Hispanic,140074,71,3685,91,ethnicity,963,7
2020-11-09,0-17,31722,11,1,0,age,127,0
2020-11-09,18-24,46919,16,4,0,age,233,0
2020-11-09,25-49,117432,40,184,4,age,589,2
2020-11-09,50-64,57019,19,659,14,age,328,1
2020-11-09,65-74,22398,8,1060,23,age,123,1
2020-11-09,75+,19334,7,2707,59,age,122,4
2020-11-09,Female,154011,53,2245,49,sex,787,2
2020-11-09,Male,138979,47,2351,51,sex,726,6
2020-11-10,American Indian and Alaska Native,4014,2,66,1,race,41,0
2020-11-10,Asian,4458,2,52,1,race,34,1
2020-11-10,Black or African American,54405,22,1287,29,race,485,8
2020-11-10,Native Hawaiian or Pacific Islander,376,0,7,0,race,1,0
2020-11-10,White,145615,60,2754,62,race,1603,30
2020-11-10,Other,33590,14,278,6,race,264,1
2020-11-10,Hispanic,57627,29,363,9,ethnicity,444,0
2020-11-10,Non-Hispanic,141756,71,3716,91,ethnicity,1682,31
2020-11-10,0-17,31991,11,1,0,age,269,0
2020-11-10,18-24,47296,16,4,0,age,377,0
2020-11-10,25-49,118457,40,185,4,age,1025,1
2020-11-10,50-64,57513,19,665,14,age,494,6
2020-11-10,65-74,22621,8,1075,23,age,223,15
2020-11-10,75+,19527,7,2730,59,age,193,23
2020-11-10,Female,155360,53,2267,49,sex,1349,22
2020-11-10,Male,140200,47,2374,51,sex,1221,23
2020-11-11,American Indian and Alaska Native,4050,2,66,1,race,36,0
2020-11-11,Asian,4519,2,52,1,race,61,0
2020-11-11,Black or African American,55006,22,1297,29,race,601,10
2020-11-11,Native Hawaiian or Pacific Islander,378,0,8,0,race,2,1
2020-11-11,White,147402,60,2779,62,race,1787,25
2020-11-11,Other,33953,14,280,6,race,363,2
2020-11-11,Hispanic,58054,29,367,9,ethnicity,427,4
2020-11-11,Non-Hispanic,143620,71,3746,91,ethnicity,1864,30
2020-11-11,0-17,32303,11,1,0,age,312,0
2020-11-11,18-24,47796,16,4,0,age,500,0
2020-11-11,25-49,119707,40,188,4,age,1250,3
2020-11-11,50-64,58140,19,669,14,age,627,4
2020-11-11,65-74,22860,8,1088,23,age,239,13
2020-11-11,75+,19718,7,2748,58,age,191,18
2020-11-11,Female,157011,53,2281,49,sex,1651,14
2020-11-11,Male,141658,47,2398,51,sex,1458,24
2020-11-12,American Indian and Alaska Native,4067,2,66,1,race,17,0
2020-11-12,Asian,4549,2,52,1,race,30,0
2020-11-12,Black or African American,55490,22,1300,29,race,484,3
2020-11-12,Native Hawaiian or Pacific Islander,377,0,8,0,race,-1,0
2020-11-12,White,148951,60,2784,62,race,1549,5
2020-11-12,Other,34278,14,280,6,race,325,0
2020-11-12,Hispanic,58336,29,367,9,ethnicity,282,0
2020-11-12,Non-Hispanic,145072,71,3755,91,ethnicity,1452,9
2020-11-12,0-17,32650,11,1,0,age,347,0
2020-11-12,18-24,48232,16,4,0,age,436,0
2020-11-12,25-49,120836,40,188,4,age,1129,0
2020-11-12,50-64,58747,19,672,14,age,607,3
2020-11-12,65-74,23073,8,1089,23,age,213,1
2020-11-12,75+,19874,7,2752,58,age,156,4
2020-11-12,Female,158551,53,2284,49,sex,1540,3
2020-11-12,Male,143007,47,2403,51,sex,1349,5
2020-11-13,American Indian and Alaska Native,4094,2,66,1,race,27,0
2020-11-13,Asian,4558,2,52,1,race,9,0
2020-11-13,Black or African American,55774,22,1304,29,race,284,4
2020-11-13,Native Hawaiian or Pacific Islander,376,0,8,0,race,-1,0
2020-11-13,White,149839,60,2795,62,race,888,11
2020-11-13,Other,34493,14,280,6,race,215,0
2020-11-13,Hispanic,58556,29,367,9,ethnicity,220,0
2020-11-13,Non-Hispanic,145937,71,3769,91,ethnicity,865,14
2020-11-13,0-17,32834,11,1,0,age,184,0
2020-11-13,18-24,48453,16,4,0,age,221,0
2020-11-13,25-49,121614,40,188,4,age,778,0
2020-11-13,50-64,59102,19,675,14,age,355,3
2020-11-13,65-74,23207,8,1092,23,age,134,3
2020-11-13,75+,19981,7,2760,58,age,107,8
2020-11-13,Female,159523,53,2293,49,sex,972,9
2020-11-13,Male,143807,47,2408,51,sex,800,5
2020-11-14,American Indian and Alaska Native,4151,2,66,1,race,57,0
2020-11-14,Asian,4596,2,52,1,race,38,0
2020-11-14,Black or African American,56401,22,1311,29,race,627,7
2020-11-14,Native Hawaiian or Pacific Islander,377,0,8,0,race,1,0
2020-11-14,White,151774,60,2820,62,race,1935,25
2020-11-14,Other,35015,14,282,6,race,522,2
2020-11-14,Hispanic,59062,29,369,9,ethnicity,506,2
2020-11-14,Non-Hispanic,147958,71,3792,91,ethnicity,2021,23
2020-11-14,0-17,33287,11,1,0,age,453,0
2020-11-14,18-24,49002,16,4,0,age,549,0
2020-11-14,25-49,123071,40,188,4,age,1457,0
2020-11-14,50-64,59898,19,680,14,age,796,5
2020-11-14,65-74,23557,8,1102,23,age,350,10
2020-11-14,75+,20259,7,2781,58,age,278,21
2020-11-14,Female,161654,53,2309,49,sex,2131,16
2020-11-14,Male,145554,47,2428,51,sex,1747,20
2020-11-15,American Indian and Alaska Native,4173,2,67,1,race,22,1
2020-11-15,Asian,4638,2,52,1,race,42,0
2020-11-15,Black or African American,56977,22,1317,29,race,576,6
2020-11-15,Native Hawaiian or Pacific Islander,379,0,8,0,race,2,0
2020-11-15,White,153509,60,2857,62,race,1735,37
2020-11-15,Other,35299,14,287,6,race,284,5
2020-11-15,Hispanic,59400,28,375,9,ethnicity,338,6
2020-11-15,Non-Hispanic,149665,72,3830,91,ethnicity,1707,38
2020-11-15,0-17,33651,11,1,0,age,364,0
2020-11-15,18-24,49436,16,4,0,age,434,0
2020-11-15,25-49,124318,40,189,4,age,1247,1
2020-11-15,50-64,60548,19,687,14,age,650,7
2020-11-15,65-74,23763,8,1117,23,age,206,15
2020-11-15,75+,20471,7,2808,58,age,212,27
2020-11-15,Female,163275,53,2333,49,sex,1621,24
2020-11-15,Male,147036,47,2454,51,sex,1482,26
2020-11-16,American Indian and Alaska Native,4195,2,67,1,race,22,0
2020-11-16,Asian,4665,2,52,1,race,27,0
2020-11-16,Black or African American,57244,22,1319,29,race,267,2
2020-11-16,Native Hawaiian or Pacific Islander,379,0,8,0,race,0,0
2020-11-16,White,154558,60,2863,62,race,1049,6
2020-11-16,Other,35507,14,287,6,race,208,0
2020-11-16,Hispanic,59605,28,375,9,ethnicity,205,0
2020-11-16,Non-Hispanic,150592,72,3837,91,ethnicity,927,7
2020-11-16,0-17,33875,11,1,0,age,224,0
2020-11-16,18-24,49668,16,4,0,age,232,0
2020-11-16,25-49,125107,40,189,4,age,789,0
2020-11-16,50-64,60929,19,688,14,age,381,1
2020-11-16,65-74,23954,8,1121,23,age,191,4
2020-11-16,75+,20626,7,2811,58,age,155,3
2020-11-16,Female,164289,53,2336,49,sex,1014,3
2020-11-16,Male,147990,47,2459,51,sex,954,5
2020-11-17,American Indian and Alaska Native,4246,2,67,1,race,51,0
2020-11-17,Asian,4702,2,52,1,race,37,0
2020-11-17,Black or African American,57764,22,1328,29,race,520,9
2020-11-17,Native Hawaiian or Pacific Islander,382,0,8,0,race,3,0
2020-11-17,White,156168,60,2891,62,race,1610,28
2020-11-17,Other,35772,14,288,6,race,265,1
2020-11-17,Hispanic,59962,28,376,9,ethnicity,357,1
2020-11-17,Non-Hispanic,151777,72,3869,91,ethnicity,1185,32
2020-11-17,0-17,34226,11,1,0,age,351,0
2020-11-17,18-24,50142,16,4,0,age,474,0
2020-11-17,25-49,126383,40,189,4,age,1276,0
2020-11-17,50-64,61627,19,694,14,age,698,6
2020-11-17,65-74,24240,8,1130,23,age,286,9
2020-11-17,75+,20829,7,2834,58,age,203,23
2020-11-17,Female,166059,53,2357,49,sex,1770,21
2020-11-17,Male,149494,47,2476,51,sex,1504,17
2020-11-18,American Indian and Alaska Native,4268,2,67,1,race,22,0
2020-11-18,Asian,4736,2,52,1,race,34,0
2020-11-18,Black or African American,58411,22,1338,29,race,647,10
2020-11-18,Native Hawaiian or Pacific Islander,384,0,8,0,race,2,0
2020-11-18,White,158259,60,2918,62,race,2091,27
2020-11-18,Other,36073,14,295,6,race,301,7
2020-11-18,Hispanic,60367,28,378,9,ethnicity,405,2
2020-11-18,Non-Hispanic,154000,72,3904,91,ethnicity,2223,35
2020-11-18,0-17,34600,11,1,0,age,374,0
2020-11-18,18-24,50590,16,4,0,age,448,0
2020-11-18,25-49,127732,40,189,4,age,1349,0
2020-11-18,50-64,62345,19,698,14,age,718,4
2020-11-18,65-74,24500,8,1145,23,age,260,15
2020-11-18,75+,21040,7,2861,58,age,211,27
2020-11-18,Female,167853,53,2379,49,sex,1794,22
2020-11-18,Male,151039,47,2500,51,sex,1545,24
